vswh.staging.bond.tech
teleport.staging.bond.tech
dev2.dev.bond.tech
vault-preprod.ops.bond.tech
playground3.playground.bond.tech
spinnaker-api.deployment.bond.tech
reserve.bond.tech
qa3.qa.bond.tech
dev-test.bond.tech
teleport.umb1.umb1.umb.bond.tech
communication.qa.bond.tech
teleport.playground1.playground.bond.tech
teleport.bsb.bond.tech
bsb.bond.tech
get.bond.tech
bsb2.bsb.bond.tech
teleport.demo2.demo.bond.tech
os-api.staging.bond.tech
deployment1.deployment.bond.tech
test.bond.tech
staging2.staging.bond.tech
playground1.playground.bond.tech
communication.bsb.bond.tech
hosted.dev.bond.tech
teleport.dev2.dev.bond.tech
signup.ledger.bond.tech
ledger.bond.tech
teleport.prod3.prod.bond.tech
argocd.ops.bond.tech
teleport.qa.bond.tech
teleport.dev.bond.tech
prod3.prod.bond.tech
communication.demo.bond.tech
docs.bond.tech
api.snap.reserve.bond.tech
api.bondos.bond.tech
app.prod2.prod.bond.tech
vault.ops.bond.tech
teleport.deployment1.deployment.bond.tech
teleport.staging2.staging.bond.tech
embedded-lending.dev.bond.tech
umb1.umb.bond.tech
embedded-lending.bond.tech
portal.bond.tech
ops.bond.tech
prod2.prod.bond.tech
signup.bond.tech
pay.bond.tech
app.bond.tech
teleport.playground2.playground.bond.tech
status.bond.tech
sandbox.bond.tech
qa2.qa.bond.tech
embedded.bond.tech
boom.bond.tech
staging.bond.tech
demo2.demo.bond.tech
vault-prod.ops.bond.tech
demo.bond.tech
argocd-internal.ops.bond.tech
teleport.demo3.demo.bond.tech
dev-use2-1.dev.bond.tech
teleport.qa2.qa.bond.tech
api.tmc.reserve.bond.tech
qa.bond.tech
playground.bond.tech
stage-use2-1.staging.bond.tech
hosted.bond.tech
teleport.staging3.staging.bond.tech
api.ppc.reserve.bond.tech
teleport.bsb3.bsb.bond.tech
docs.consumer-accounts-guide.bond.tech
dev.bond.tech
auth-staging.bond.tech
teleport.playground.bond.tech
teleport.prod2.prod.bond.tech
api.goodlife.reserve.bond.tech
staging3.staging.bond.tech
teleport.bsb2.bsb.bond.tech
docs.customer-success-guide.bond.tech
demo3.demo.bond.tech
docs.commercial-accounts-guide.bond.tech
os-api.dev.bond.tech
communication.staging.bond.tech
os-api.prod.bond.tech
goodlife.reserve.bond.tech
deployment.bond.tech
bsb3.bsb.bond.tech
cdn.bond.tech
portal.staging.bond.tech
vshw.staging.bond.tech
docs.implementation.bond.tech
embedded.dev.bond.tech
prod.bond.tech
kotymagic.bond.tech
auth-stage.bond.tech
api.embedded.bond.tech
playground2.playground.bond.tech
embedded-sandbox.bond.tech
teleport.demo.bond.tech
vswh.playground.bond.tech
umb.bond.tech
teleport.umb1.umb.bond.tech
portal.dev.bond.tech
dev3.dev.bond.tech
docs.ledger.bond.tech
communication.dev.bond.tech
umb1.app.bond.tech
api.bond.tech
auth.bond.tech
prod-use2-1.prod.bond.tech
teleport.dev3.dev.bond.tech
sandbox.prod-use2-1.prod.bond.tech
live.bond.tech
tools.prod2.prod.bond.tech
reserve.dev.bond.tech
communication.dev3.dev.bond.tech
os-api.prod2.prod.bond.tech
spinnaker.ops.bond.tech
url7251.bond.tech
gateway-api.prod-use2-1.prod.bond.tech
app.staging2.staging.bond.tech
dollars.dev.bond.tech
snap.reserve.bond.tech
matomo.dev2.dev.bond.tech
sandbox.staging2.staging.bond.tech
teleport.ops.bond.tech
scanner.deployment.bond.tech
ranch.deployment.bond.tech
app-test-banks-114.dev3.dev.bond.tech
tools.prod-use2-1.prod.bond.tech
communication.demo2.demo.bond.tech
os-api.bond.tech
sandbox.staging.bond.tech
app-test-os-1849.dev3.dev.bond.tech
gateway-sandbox.prod-use2-1.prod.bond.tech
sandbox.dev.bond.tech
dollars-api.dev-use2-1.dev.bond.tech
gateway-api.dev-use2-1.dev.bond.tech
api.prod2.prod.bond.tech
dollars.bond.tech
dollars-api.prod-use2-1.prod.bond.tech
api.dev3.dev.bond.tech
pay.dev.bond.tech
ach-sftp.prod.bond.tech
dollars-api.bond.tech
communication.bsb3.bsb.bond.tech
matomo.bsb2.bsb.bond.tech
email.gh-mail.bond.tech
os-api.dev3.dev.bond.tech
app.dev3.dev.bond.tech
ach-sftp.bond.tech
api.dev-use2-1.dev.bond.tech
sftp.prod.bond.tech
communication.staging3.staging.bond.tech
api.sandbox.bond.tech
gateway-sandbox.stage-use2-1.staging.bond.tech
communication.staging2.staging.bond.tech
communication.demo3.demo.bond.tech
api.ledger.bond.tech
ppc.reserve.bond.tech
os-api.prod3.prod.bond.tech
prm.qa.bond.tech
api-sandbox.embedded.dev.bond.tech
communication.dev2.dev.bond.tech
app-test-ledger-421.dev3.dev.bond.tech
gateway-sandbox.dev-use2-1.dev.bond.tech
api.prod3.prod.bond.tech
api.dev.bond.tech
api.prod-use2-1.prod.bond.tech
live.dev-use2-1.dev.bond.tech
api.staging.bond.tech
tmc.reserve.bond.tech
dollars-api.dev.bond.tech
app-test-ledger-521.dev3.dev.bond.tech
sftp.bond.tech
matomo.staging2.staging.bond.tech
communication.qa2.qa.bond.tech
os-api-test-banks-186.dev3.dev.bond.tech
hasura.qa.bond.tech
api.embedded.dev.bond.tech
sandbox.dev-use2-1.dev.bond.tech
api-sandbox.embedded.bond.tech
sftp.dev.bond.tech
app.dev.bond.tech
spinnaker.deployment.bond.tech
app-test-banks-220.dev3.dev.bond.tech
communication.bsb2.bsb.bond.tech
ach-sftp.dev.bond.tech
