account.click.eonenergy.com
api.eonenergy.com
asset-management.eonenergy.com
auth-dev.eonenergy.com
auth-poc.eonenergy.com
auth-stg.eonenergy.com
auth.eonenergy.com
autodiscover.eonenergy.com
cabi-regression.qa.eonenergy.com
cabi-sit.qa.eonenergy.com
cabi.eonenergy.com
cabipilot.eonenergy.com
click.email.eonenergy.com
click.eonenergy.com
cloud.email.eonenergy.com
conversationservice.eonenergy.com
demo.see.eonenergy.com
dev-heat2.eonenergy.com
dev-www.eonenergy.com
dev.genesys.eonenergy.com
dt.see.eonenergy.com
energytoolkit.eonenergy.com
eonexternalmetercomms.eonenergy.com
eonexternalservices.eonenergy.com
extranets-regression.qa.eonenergy.com
extranets-sit.qa.eonenergy.com
extranets.eonenergy.com
extranetspilot.eonenergy.com
fds.eonenergy.com
fe.dev.see.eonenergy.com
fe.qa.see.eonenergy.com
genesys.eonenergy.com
heat-regression.qa.eonenergy.com
heat-sit.qa.eonenergy.com
heat.eonenergy.com
heat2-origin.eonenergy.com
heat2.eonenergy.com
homemoves.eonenergy.com
image.email.eonenergy.com
inbusiness.eonenergy.com
int-heat.eonenergy.com
int-www.eonenergy.com
landlords.eonenergy.com
live.qa.see.eonenergy.com
live.see.eonenergy.com
login-dev.eonenergy.com
login-ft.eonenergy.com
login-pp.eonenergy.com
login-qa.eonenergy.com
login.eonenergy.com
lqa1-www.eonenergy.com
m.eonenergy.com
mobileapp-regression.qa.eonenergy.com
mobileapp-sit.qa.eonenergy.com
mobileapp1-regression.qa.eonenergy.com
mobileapp1-sit.qa.eonenergy.com
mobileapppilot.eonenergy.com
mpilot.eonenergy.com
mta-sts.eonenergy.com
mw.qa.see.eonenergy.com
mw.see.eonenergy.com
mysay.eonenergy.com
partners.eonenergy.com
partnersapi.eonenergy.com
partnersuatapi.eonenergy.com
pensions-regression.qa.eonenergy.com
pensions-sit.qa.eonenergy.com
pensions.eonenergy.com
pensionspilot.eonenergy.com
pilot.eonenergy.com
pp-we-blog.eonenergy.com
ppconversationservice.eonenergy.com
ppdigitalservices.eonenergy.com
ppeonexternalmetercomms.eonenergy.com
pppartnerstaging.eonenergy.com
ppsmartooa.eonenergy.com
ppsmartscheduler.eonenergy.com
ppworldpaynotificationservice.eonenergy.com
preprod.genesys.eonenergy.com
prodpartners.eonenergy.com
pushnotification-api.eonenergy.com
pushnotification-api.qa.eonenergy.com
regression.qa.eonenergy.com
regression1.qa.eonenergy.com
reporting.eonenergy.com
see.eonenergy.com
sit.qa.eonenergy.com
sit1.qa.eonenergy.com
smartooa.eonenergy.com
smartscheduler.eonenergy.com
smarttext.eonenergy.com
soti.eonenergy.com
stage-heat2.eonenergy.com
stage-www.eonenergy.com
stagingmobileservices.eonenergy.com
switchedon.eonenergy.com
test.genesys.eonenergy.com
uatasset-management.eonenergy.com
uateonexternalmetercomms.eonenergy.com
uateonexternalservices.eonenergy.com
uatsmartooa.eonenergy.com
uatsmartscheduler.eonenergy.com
uks-anchor-dataverse-event-gateway-qas.eonenergy.com
uks-anchor-dataverse-event-gateway-run.eonenergy.com
view.email.eonenergy.com
volt.eonenergy.com
we-blog.eonenergy.com
www.eonenergy.com
www.landlords.eonenergy.com
www.regression.qa.eonenergy.com
www.volt.eonenergy.com
yoursay.eonenergy.com
accessibility.eonenergy.com
addcredit-payg-dev-apps.ocpapps.dev.services.eonenergy.com
addcredit-payg-preprod-apps.ocpapps.preprod.services.eonenergy.com
addcredit-payg-prod-apps.ocpapps.prod.services.eonenergy.com
addcredit-payg-test-apps.ocpapps.test.services.eonenergy.com
apihml.eonenergy.com
balancerequest-payg-dev-apps.ocpapps.dev.services.eonenergy.com
balancerequest-payg-preprod-apps.ocpapps.preprod.services.eonenergy.com
balancerequest-payg-prod-apps.ocpapps.prod.services.eonenergy.com
balancerequest-payg-test-apps.ocpapps.test.services.eonenergy.com
balancetransfer-payg-dev-apps.ocpapps.dev.services.eonenergy.com
balancetransfer-payg-preprod-apps.ocpapps.preprod.services.eonenergy.com
balancetransfer-payg-prod-apps.ocpapps.prod.services.eonenergy.com
balancetransfer-payg-test-apps.ocpapps.test.services.eonenergy.com
billing-cls-dev-apps.ocpapps.dev.services.eonenergy.com
billing-cls-preprod-apps.ocpapps.preprod.services.eonenergy.com
billing-cls-prod-apps.ocpapps.prod.services.eonenergy.com
billing-cls-test-apps.ocpapps.test.services.eonenergy.com
blue-green.qa.eonenergy.com
blue-uat.qa.eonenergy.com
boomiapi.eonenergy.com
bot-hml.eonenergy.com
businessbroker.eonenergy.com
businesscustomer.eonenergy.com
businessenergytoolkit.eonenergy.com
businessquote.eonenergy.com
cabi-blue-uat.qa.eonenergy.com
cabi-green-uat.qa.eonenergy.com
cabi-uat.qa.eonenergy.com
cabi.regression.qa.eonenergy.com
cabi.sit.qa.eonenergy.com
cabi2.eonenergy.com
cd-www.click.eonenergy.com
composite-service-eon-imp.ocpapps.automation.services.eonenergy.com
couchbase-ui-cls-dev.ocpapps.dev.services.eonenergy.com
couchbase-ui-cls-preprod.ocpapps.preprod.services.eonenergy.com
couchbase-ui-cls-prod.ocpapps.prod.services.eonenergy.com
couchbase-ui-cls-test.ocpapps.test.services.eonenergy.com
couchbase-ui-payg-dev.ocpapps.dev.services.eonenergy.com
couchbase-ui-payg-preprod.ocpapps.preprod.services.eonenergy.com
couchbase-ui-payg-prod.ocpapps.prod.services.eonenergy.com
couchbase-ui-payg-test.ocpapps.test.services.eonenergy.com
customeraccounts-cls-dev-apps.ocpapps.dev.services.eonenergy.com
customeraccounts-cls-preprod-apps.ocpapps.preprod.services.eonenergy.com
customeraccounts-cls-prod-apps.ocpapps.prod.services.eonenergy.com
customeraccounts-cls-test-apps.ocpapps.test.services.eonenergy.com
da-int-www.eonenergy.com
da-pg1-www.eonenergy.com
da-qa-www.eonenergy.com
digital.eonenergy.com
eon-nextpayments-uat.eonenergy.com
eon-nextpayments.eonenergy.com
eu-eon-api.dev.services.eonenergy.com
eu-eon-api.preprod.services.eonenergy.com
eu-eon-api.prod.services.eonenergy.com
eu-eon-api.test.services.eonenergy.com
extranets-blue-uat.qa.eonenergy.com
extranets-green-uat.qa.eonenergy.com
extranets-uat.qa.eonenergy.com
extranets.regression.qa.eonenergy.com
extranets.sit.qa.eonenergy.com
financial-cls-dev-apps.ocpapps.dev.services.eonenergy.com
financial-cls-preprod-apps.ocpapps.preprod.services.eonenergy.com
financial-cls-prod-apps.ocpapps.prod.services.eonenergy.com
financial-cls-test-apps.ocpapps.test.services.eonenergy.com
g3nesis.eonenergy.com
grafana-monitoring.ocpapps.automation.services.eonenergy.com
grafana-monitoring.ocpapps.dev.services.eonenergy.com
grafana-monitoring.ocpapps.preprod.services.eonenergy.com
grafana-monitoring.ocpapps.prod.services.eonenergy.com
grafana-monitoring.ocpapps.test.services.eonenergy.com
green-uat.qa.eonenergy.com
heat-blue-uat.qa.eonenergy.com
heat-green-uat.qa.eonenergy.com
heat-uat.qa.eonenergy.com
heat.regression.qa.eonenergy.com
heat.sit.qa.eonenergy.com
heat1.eonenergy.com
hhu-device.eonenergy.com
hhu_device.eonenergy.com
imp-eon-imp.ocpapps.automation.services.eonenergy.com
inbusiness2.eonenergy.com
installation.eonenergy.com
int-we-blog.eonenergy.com
int-www.click.eonenergy.com
int1-www.eonenergy.com
jaeger-observability.ocpapps.automation.services.eonenergy.com
jaeger-observability.ocpapps.dev.services.eonenergy.com
jaeger-observability.ocpapps.preprod.services.eonenergy.com
jaeger-observability.ocpapps.prod.services.eonenergy.com
jaeger-observability.ocpapps.test.services.eonenergy.com
jenkins-cls-devops.ocpapps.automation.services.eonenergy.com
jenkins-fmrs-devops.ocpapps.automation.services.eonenergy.com
jenkins-mc-devops.ocpapps.automation.services.eonenergy.com
jenkins-payg-devops.ocpapps.automation.services.eonenergy.com
lqa-www.click.eonenergy.com
lqa-www.eonenergy.com
lqa2-www.click.eonenergy.com
lqa64-www.click.eonenergy.com
marketplace.eonenergy.com
metering-cls-dev-apps.ocpapps.dev.services.eonenergy.com
metering-cls-preprod-apps.ocpapps.preprod.services.eonenergy.com
metering-cls-prod-apps.ocpapps.prod.services.eonenergy.com
metering-cls-test-apps.ocpapps.test.services.eonenergy.com
mobileapi.qa.eonenergy.com
mobileapp-blue-uat.qa.eonenergy.com
mobileapp-green-uat.qa.eonenergy.com
mobileapp-uat.qa.eonenergy.com
mobileapp.eonenergy.com
mobileappssoaespayload.eonenergy.com
mobileappssojwtsignature.eonenergy.com
mobileservices2.eonenergy.com
mobileservices3.eonenergy.com
nexus.automation.services.eonenergy.com
ops1-www.eonenergy.com
partnersapiclassic.eonenergy.com
paygaccountsummary-cls-dev-apps.ocpapps.dev.services.eonenergy.com
paygaccountsummary-cls-preprod-apps.ocpapps.preprod.services.eonenergy.com
paygaccountsummary-cls-prod-apps.ocpapps.prod.services.eonenergy.com
paygaccountsummary-cls-test-apps.ocpapps.test.services.eonenergy.com
pensions-blue-uat.qa.eonenergy.com
pensions-green-uat.qa.eonenergy.com
pensions-uat.qa.eonenergy.com
pensions.regression.qa.eonenergy.com
pensions.sit.qa.eonenergy.com
pg-www.eonenergy.com
pg1-www.click.eonenergy.com
pg1-www.eonenergy.com
pg10-www.click.eonenergy.com
pg11-www.click.eonenergy.com
pg12-www.click.eonenergy.com
pg13-www.click.eonenergy.com
pg14-www.click.eonenergy.com
pg15-www.click.eonenergy.com
pg16-www.click.eonenergy.com
pg17-www.click.eonenergy.com
pg2-www.click.eonenergy.com
pg2-www.eonenergy.com
pg3-www.click.eonenergy.com
pg4-www.click.eonenergy.com
pg5-www.click.eonenergy.com
pg6-www.click.eonenergy.com
pg7-www.click.eonenergy.com
pg8-www.click.eonenergy.com
pg9-www.click.eonenergy.com
platform-service-eon-imp.ocpapps.automation.services.eonenergy.com
pp-da-www.click.eonenergy.com
pp-www.account.click.eonenergy.com
pp-www.click.eonenergy.com
pp-www.eonenergy.com
pp1-www.eonenergy.com
ppasset-management.eonenergy.com
ppeonexternalservices.eonenergy.com
prodeonexternalservices.eonenergy.com
prometheus-server-monitoring.ocpapps.automation.services.eonenergy.com
prometheus-server-monitoring.ocpapps.dev.services.eonenergy.com
prometheus-server-monitoring.ocpapps.preprod.services.eonenergy.com
prometheus-server-monitoring.ocpapps.prod.services.eonenergy.com
prometheus-server-monitoring.ocpapps.test.services.eonenergy.com
qa-da-www.click.eonenergy.com
qa-we-blog.eonenergy.com
qa-www.account.click.eonenergy.com
qa-www.click.eonenergy.com
qa-www.eonenergy.com
qa.sso.see.eonenergy.com
qa1-www.eonenergy.com
regression.cdn.qa.eonenergy.com
reporting2.eonenergy.com
sandbox.dev.eonenergy.com
sip.eonenergy.com
sit.cdn.qa.eonenergy.com
sonarqube-cls-devops.ocpapps.automation.services.eonenergy.com
sonarqube-fmrs-devops.ocpapps.automation.services.eonenergy.com
sonarqube-mc-devops.ocpapps.automation.services.eonenergy.com
sonarqube-payg-devops.ocpapps.automation.services.eonenergy.com
stagingmobileservices2.eonenergy.com
stagingmobileservices3.eonenergy.com
stats.eonenergy.com
temp-heat2.eonenergy.com
temp-we-blog.eonenergy.com
temp-www.click.eonenergy.com
temp-www.eonenergy.com
temp1-www.eonenergy.com
tpigateway.eonenergy.com
tpiportal-preprod.eonenergy.com
tpiportal.eonenergy.com
uat-www.account.click.eonenergy.com
uat.qa.eonenergy.com
worldpayordernotification.eonenergy.com
www.regression.cdn.qa.eonenergy.com
www.sit.qa.eonenergy.com
www.tpiportal-preprod.eonenergy.com
www1.eonenergy.com
www2.eonenergy.com
www3.eonenergy.com
