citibanksgglobalfrm.citi.ficoccs-prod.net
standardcharteredbanksgfrm.scb.ficoccs-prod.net
santanderuksstcem.santander.ficoccs-prod.net
rbsukcreditfrm.rbs.ficoccs-prod.net
ficoccs-prod.net
santanderukfrm.santander.ficoccs-prod.net
barclaycarduscreditfrm.barclaycard.ficoccs-prod.net
citibankusretailcem.citibank.ficoccs-prod.net
psecuuscem.psecu.ficoccs-prod.net
vantivusfdsfrm.vantiv.ficoccs-prod.net
tesco.ficoccs-prod.net
nationwideukcreditfrm.nationwide.ficoccs-prod.net
santanderukfrmnon3d.santander.ficoccs-prod.net
santanderukfrmaccount.santander.ficoccs-prod.net
citibankauglobalfrm.citi.ficoccs-prod.net
absazafrm.absa.ficoccs-prod.net
rbsuk3dsecurefrm.rbs.ficoccs-prod.net
johndeereuscollectionspega.johndeere.ficoccs-prod.net
psecuusalcem.psecu.ficoccs-prod.net
barclaycardusfrefrm.barclaycard.ficoccs-prod.net
citibankuslendingcem.citibank.ficoccs-prod.net
citibankusmoncem.citibank.ficoccs-prod.net
johndeereuscollections.johndeere.ficoccs-prod.net
penfeduscemom.penfed.ficoccs-prod.net
citibankusretailcem.citibankoregon.ficoccs-prod.net
citibankuslendcem.citibankoregon.ficoccs-prod.net
citibankussecuredfrm.citibankoregon.ficoccs-prod.net
citibankusmoncem.citibankoregon.ficoccs-prod.net
citibankusfraudmgtrpl.citibankoregon.ficoccs-prod.net
barclaycardusvcdp.barclaycard.ficoccs-prod.net
standardcharteredbanksgfrmin.scb.ficoccs-prod.net
regionsfcusfrmprm.regionsfc.ficoccs-prod.net
citibankusfraudriskmgt.citibank.ficoccs-prod.net
