mcswf.usmc.mil
05110.usmc.mil
110.usmc.mil
1fssg.usmc.mil
1mawdf01e.1mawdf.usmc.mil
1mawmag12pdc.1mawmag12.usmc.mil
2.usmc.mil
204-93-132-174.ost205109.usmc.mil
204-93-st205109.usmc.mil
205.129.65110.usmc.mil
205109.usmc.mil
205110.usmc.mil
21444.usmc.mil
21445.usmc.mil
21452.usmc.mil
22meu.usmc.mil
24meufwd.usmc.mil
252fwww.manpower.usmc.mil
29palms.usmc.mil
2fssg.usmc.mil
2fssg540exbh.2fssg.usmc.mil
2fssgexc01.2fssg.usmc.mil
2fssgras01.2fssg.usmc.mil
2mardiv.usmc.mil
2mardivex01.2mardiv.usmc.mil
2mardivexpub.2mardiv.usmc.mil
2mawbft.usmc.mil
2mawbftsebh.2mawbft.usmc.mil
2mawcp.usmc.mil
2mawnr.usmc.mil
31meufwd.usmc.mil
3270a.quantico.usmc.mil
3270b.quantico.usmc.mil
3dmar07r.3dmar.mcbh.usmc.mil
3fssg.usmc.mil
3maw.usmc.mil
3maw.3mawdf.usmc.mil
3maw01w.3maw.usmc.mil
3mawaldamrr.miramar.usmc.mil
3mawdf.usmc.mil
3meb01p.3meb.usmc.mil
3mef.usmc.mil
4meb.usmc.mil
4thfssg.mfr.usmc.mil
4thmaw.mfr.usmc.mil
5.usmc.mil
50.usmc.mil
5meb.portal.marcent.usmc.mil
7cacm01.7cacm.usmc.mil
7cacm02e.7cacm.usmc.mil
_dmarc.usmc.mil
_dmarc.iimeffwd.usmc.mil
_dmarc.marines.usmc.mil
_dmarc.mcw.usmc.mil
a-pes.mmrp.usmc.mil
a-pes.mmsb.usmc.mil
aaav07.aaav.usmc.mil
aaavpm06.aaav.usmc.mil
accelerator.mccr.usmc.mil
access.rcen.marines.usmc.mil
ace.3mef.usmc.mil
act1.marinenet.usmc.mil
act2.marinenet.usmc.mil
adfs.marines.usmc.mil
adfs.mcia.usmc.mil
admin.mcsft.usmc.mil
adonis.urwaystat205110.usmc.mil
ads.mol.usmc.mil
afg.usmc.mil
ahss.usmc.mil
ahss.lejeune.usmc.mil
ahss.mcieast.usmc.mil
aiakos.mcnosc.usmc.mil
ais4-trs.quantico.usmc.mil
ala.usmc.mil
ala3270gui.albany.usmc.mil
aladms01.logcom.usmc.mil
alaerp01.logcom.usmc.mil
alahmms.logcom.usmc.mil
alairmd3.albany.usmc.mil
alamcrdrtr01.albany.usmc.mil
alamcsd1.ala.usmc.mil
alapubs01.ala.usmc.mil
alapubs01.albany.usmc.mil
alartr1e0.albany.usmc.mil
alartr1fe1.albany.usmc.mil
alasc1.albany.usmc.mil
alatimax.logcom.usmc.mil
alavdr01.albany.usmc.mil
alaweb01.ala.usmc.mil
albany.mcieast.usmc.mil
albany02c001.albany.usmc.mil
albany1.mcieast.usmc.mil
alerts.mcdsus.mcds.usmc.mil
alerts1.mcdsus.mcds.usmc.mil
almrs.manpower.usmc.mil
almrs.marines.usmc.mil
alpha.usmc.mil
alt-arcmgr.mcnosc.usmc.mil
alt.mccr.usmc.mil
amp.marinenet.usmc.mil
analytics.mceits.usmc.mil
anchor.logcom.usmc.mil
apps.mol.usmc.mil
archdbserver.quantico.usmc.mil
archive.mcieast.usmc.mil
archvision.quantico.usmc.mil
ark11701.mcw.ad.usmc.mil
ark11702.mcw.ad.usmc.mil
ark19801.mcw.ad.usmc.mil
ark19802.mcw.ad.usmc.mil
arts.mceits.usmc.mil
arts.mcsc.usmc.mil
asap.lejeune.usmc.mil
asmblockpage.usmc.mil
assessment.marinenet.usmc.mil
atlass.logcom.usmc.mil
audit.usmc.mil
autodiscover.usmc.mil
autodiscover.marcent.usmc.mil
autodiscover.marines.usmc.mil
autodiscover.mcw.ad.usmc.mil
automatedservices.usmc.mil
av.rcen.marines.usmc.mil
av8b-techpubs.yuma.usmc.mil
awards.manpower.usmc.mil
azarkov.besd.nethost205110.usmc.mil
bahrfw01.usmc.mil
bam.usmc.mil
bamrtr1.bam.usmc.mil
bamsc1.bam.usmc.mil
barstow.usmc.mil
barstow03e.barstow.usmc.mil
barstow06a.barstow.usmc.mil
bbandjapan.nmci.usmc.mil
bbandnorfolk.nmci.usmc.mil
bbandsandiego.nmci.usmc.mil
bcocdm.usmc.mil
beau-1-109.med.navy205110.usmc.mil
beaufort.usmc.mil
beaufort.mcieast.usmc.mil
beaufort04bh.beaufort.usmc.mil
beaufort1.mcieast.usmc.mil
beta-www.mol.usmc.mil
beta.prbuilder.usmc.mil
beta001.bic.usmc.mil
bic.usmc.mil
bic.hmx-1.usmc.mil
bkyn0511.mfr.usmc.mil
bkyn0512.mfr.usmc.mil
blackberry-south.med.navy10.usmc.mil
blnt0930.ncl.ad.usmc.mil
blntfw01.usmc.mil
blountiqs.mcdsus.mcds.usmc.mil
blountisland.mcieast.usmc.mil
blountisland1.mcieast.usmc.mil
blt16n02e.blt16.24meufwd.usmc.mil
boxer.usmc.mil
bravo.usmc.mil
builder.usmc.mil
butler.amhs.usmc.mil
buyersguide.quantico.usmc.mil
c106.vzst205109.usmc.mil
c177.vz07.my-virtual-panel.host205109.usmc.mil
c2integration.mccdc.usmc.mil
c4.hqi.usmc.mil
c4coe.usmc.mil
ca.eis.usmc.mil
ca.eis.zonea.mceits.usmc.mil
ca.ips.usmc.mil
cache.nic.5110.usmc.mil
capm45.usmc.mil
capmed-47-1-125.mhsi.memh.21445.usmc.mil
capmed-47-10-21445.usmc.mil
capmed-47-100-174.mhsi.med.omh.21445.usmc.mil
capmed-47-102-83.mhsimef-emh.21445.usmc.mil
capmed-47-104-113.mhsi.me1445.usmc.mil
caps.marcorsyscom.usmc.mil
cas-arb1-array.mcw.ad.usmc.mil
cas-bhrn.usmc.mil
cas-bhrn.mcw.ad.usmc.mil
cas-cljn.mcdsus.mcds.usmc.mil
cas-east.usmc.mil
cas-east.mcdsus.mcds.usmc.mil
cas-east.mcw.usmc.mil
cas-east.mcw.ad.usmc.mil
cas-eauf.usmc.mil
cas-ern1-array.mcw.ad.usmc.mil
cas-err1-array.mcw.ad.usmc.mil
cas-euaf.usmc.mil
cas-euaf-array.mcdsus.mcds.usmc.mil
cas-euaf.mcdsus.mcds.usmc.mil
cas-eug1-array.mcw.ad.usmc.mil
cas-fork.usmc.mil
cas-fork.mcdsus.mcds.usmc.mil
cas-fstr.usmc.mil
cas-fstr.mcdsjp.mcds.usmc.mil
cas-fstr.mcdsus.mcds.usmc.mil
cas-kbaz.mcdsus.mcds.usmc.mil
cas-mcnt.usmc.mil
cas-mcnt.mcw.ad.usmc.mil
cas-mdag-dcin.mcdsus.mcds.usmc.mil
cas-mdag-mecz.mcdsus.mcds.usmc.mil
cas-mdag-ptgz.mcdsus.mcds.usmc.mil
cas-mfe.mcw.usmc.mil
cas-mfk.mcw.usmc.mil
cas-ncn1-array.mcw.ad.usmc.mil
cas-nosc.mcw.usmc.mil
cas-pndl.usmc.mil
cas-pndl.mcdsus.mcds.usmc.mil
cas-quan.usmc.mil
cas-quan.mcdsus.mcds.usmc.mil
cas-smtz-array.mcw.ad.usmc.mil
cas-smtz.mcw.ad.usmc.mil
cas-teaa.usmc.mil
cas-teaa.mcdsus.mcds.usmc.mil
casa.manpower.usmc.mil
casreports.mcdsus.mcds.usmc.mil
cc.marinenet.usmc.mil
ccss.quantico.usmc.mil
cd940737.state.n110.usmc.mil
cd940879.state.ost205110.usmc.mil
cd941feb.statet205109.usmc.mil
cdc.usmc.mil
cdts.quantico.usmc.mil
cdtsdev.quantico.usmc.mil
cen01e.ce.iimeffwd.usmc.mil
certauth.fs.marines.usmc.mil
certauth.sts.usmc.mil
ceto.quantico.usmc.mil
cgcopxp.logcom.usmc.mil
cgcopxt.logcom.usmc.mil
cha205110.usmc.mil
charleston-177-158.mhost205110.usmc.mil
charlie.usmc.mil
chas-10.usmc.mil
chas-168-118.med.navy.mil.usmc.mil
chas-1705109.usmc.mil
chas-1710.usmc.mil
chas-17210.usmc.mil
chas-173-108.most205110.usmc.mil
chas-179-71.med05109.usmc.mil
chat.marinenet.usmc.mil
chat.mceits.usmc.mil
cherrypoint.usmc.mil
cherrypoint.mcieast.usmc.mil
cherrypoint1.mcieast.usmc.mil
chptonline.cherrypoint.usmc.mil
chresdek.criline.cherrypoint.usmc.mil
chro.usmc.mil
clb24.24meufwd.usmc.mil
clb24n03e.clb24.24meufwd.usmc.mil
clb2fhub01-ln.2fssg.usmc.mil
clc2s-spmagtf.iimef.usmc.mil
clc2s-web.marforres.usmc.mil
clc2s.22meufwd.usmc.mil
clc2s.iiimef.usmc.mil
clc2s.lhd5m.usmc.mil
clc2s.lpd19m.usmc.mil
clc2s.lsd44m.usmc.mil
clc2s.marforres.usmc.mil
clc2s1.usmc.mil
clc2s2.usmc.mil
clip.lejeune.usmc.mil
cljnimdscsg001.lejeune.usmc.mil
cljnimdsweb001.lejeune.usmc.mil
clnr.hqi.usmc.mil
cloe.hqi.usmc.mil
cmclogin.hqmc.usmc.mil
cmcportal.hqmc.usmc.mil
cmfc01e.cmfc.usmc.mil
cmfcs01c.cmfc.usmc.mil
cmgusmc.usmc.mil
cmgusmc.mcdsus.mcds.usmc.mil
cmpg.hqi.usmc.mil
cms.hqmc.usmc.mil
cn01.cdc.usmc.mil
cn02.cdc.usmc.mil
cn03.cdc.usmc.mil
cn04.cdc.usmc.mil
cn05.cdc.usmc.mil
cn06.cdc.usmc.mil
cn07.cdc.usmc.mil
cni-survey.hqmc.usmc.mil
cognos.logcom.usmc.mil
colossus1.marines.usmc.mil
colossus2.marines.usmc.mil
communities.marinenet.usmc.mil
concepts.quantico.usmc.mil
connect.albany.usmc.mil
connect.lejeune.usmc.mil
connect.marines.usmc.mil
connect.quantico.usmc.mil
connect2.marines.usmc.mil
contractapps.hqi.usmc.mil
corpspedia.usmc.mil
cpen-0-133.med.navy.mil205110.usmc.mil
cpen-0-174.med.navy.mil0.usmc.mil
cpen-0-64.med.navy.mst205110.usmc.mil
cpen-0ost205110.usmc.mil
cpen-63-38t205109.usmc.mil
cpencdp-86-193.med.nast205109.usmc.mil
cpp.usmc.mil
cptsc1.cherrypoint.usmc.mil
cpyav8bpubs.cherrypoint.usmc.mil
cpyg6helpdesk.cherrypoint.usmc.mil
cqauth.marinenet.usmc.mil
cqpub.marinenet.usmc.mil
crada.accelerator.mccr.usmc.mil
crafnexhub.craf.usmc.mil
crossroads.quantico.usmc.mil
crt-noc-h001.mcw.usmc.mil
csc.marforres.usmc.mil
cscnoaccess.marforres.usmc.mil
csex2007.cs.usmc.mil
csg.hqi.usmc.mil
ctep-tmg.mccr.usmc.mil
ctep.mccr.usmc.mil
ctep.saga.usmc.mil
cub2.ca0.usmc.mil
cwda-app1.manpower.usmc.mil
cwda-app3.manpower.usmc.mil
cwda.manpower.usmc.mil
cwdalogin.manpower.usmc.mil
cwsfw00.usmc.mil
cwtest.marinenet.usmc.mil
cyberranges.usmc.mil
d15615192.usmc.mil
d1bossbc1.rcen.marines.usmc.mil
d2.usmc.mil
dag-ncn1-1.mcw.ad.usmc.mil
dash.manpower.usmc.mil
delivfstr.mcdsus.mcds.usmc.mil
delivpndl.mcdsus.mcds.usmc.mil
delivquan.mcdsus.mcds.usmc.mil
delta.usmc.mil
deployables.nmci.usmc.mil
desexa.albany.usmc.mil
desexha.albany.usmc.mil
dev.hotline.usmc.mil
dha-136-210ost21452.usmc.mil
dha-136-44.health.mil452.usmc.mil
dha-1452.usmc.mil
dha-150-68.healt52.usmc.mil
dha-2.usmc.mil
dha-20621452.usmc.mil
dha-21452.usmc.mil
dha-233-152.usmc.mil
dha-234-81.2.usmc.mil
dha-240-1ost21452.usmc.mil
dha-2451452.usmc.mil
dha-246-114.het21452.usmc.mil
dha-246-206.hea21452.usmc.mil
dha-247-53.h2.usmc.mil
dha-25-70.health.m2.usmc.mil
dha-26-122.health.mi.usmc.mil
dha-30-227.hhost21452.usmc.mil
dha-32-89host21452.usmc.mil
dha-38-76.healthost21452.usmc.mil
dha-39-24.21452.usmc.mil
dha-3host21452.usmc.mil
dha-44-98.health21452.usmc.mil
dha-452.usmc.mil
dha-46-153.healt2.usmc.mil
dha-48host21452.usmc.mil
dha-5-106.52.usmc.mil
dha-5-162.healt21452.usmc.mil
dha-5-55.healtht21452.usmc.mil
dha-54-2.hea452.usmc.mil
dha-host21452.usmc.mil
dha52.usmc.mil
dhart.hqi.usmc.mil
dhcp-415218.usmc.mil
dhcp-84-176.rev.sd.mit21415248.usmc.mil
dhcp-90-5.usmc.mil
dialin.rcen.marines.usmc.mil
dir.usmc.mil
dirsynch01.noc.usmc.mil
dirsynch02.noc.usmc.mil
dirsynch03.noc.usmc.mil
dirsynch04.noc.usmc.mil
dirsynch06.noc.usmc.mil
dirsynch07.noc.usmc.mil
dirsynch08.noc.usmc.mil
disa-reserved-h2.re1445.usmc.mil
disa-reserved-h3.reverse.akamai.csd.disa.mil445.usmc.mil
disa-reserved-h4.reverse.akamai.44.usmc.mil
disa-reserved-h8.reverse.akama1445.usmc.mil
disa-reserved-h9.reverse.akamai.csd.disa445.usmc.mil
disco.logcom.usmc.mil
dlrc.marinenet.usmc.mil
dlstage.marinenet.usmc.mil
dm.manpower.usmc.mil
dm2.manpower.usmc.mil
dms.mcbh.usmc.mil
dns.3mef.usmc.mil
dns.ace.3mef.usmc.mil
dns.lce.3mef.usmc.mil
doctrine.usmc.mil
doditc.lifelines.usmc.mil
droid.usmc.mil
drpmaaa.usmc.mil
drpmaaasc1.drpmaaa.usmc.mil
drpmaaaweb02.drpmaaa.usmc.mil
drpmweb.drpmaaa.usmc.mil
drpp-p-144-134-112-32.prem.aa.usmc.mil
drumcorps.mbw.usmc.mil
dsid218mail.afg.usmc.mil
dsid218mail2.afg.usmc.mil
dsid219mail.afg.usmc.mil
dsid219mail2.afg.usmc.mil
dsid221mail.dsid221.usmc.mil
dsid221mail2.dsid221.usmc.mil
dsid224mail.dsid224.usmc.mil
dsid224mail2.dsid224.usmc.mil
dsid247mail.dsid247.usmc.mil
dsid247mail2.dsid247.usmc.mil
dsp.marcent.usmc.mil
dt21452.usmc.mil
dtms.tfs.usmc.mil
dtmssch1.tfs.usmc.mil
dvaweb.mmsb.usmc.mil
eagle.logcom.usmc.mil
eagle1.mcrc.usmc.mil
eagle2.mcrc.usmc.mil
ebc-sw05110.usmc.mil
ecmcpms.lejeune.usmc.mil
efcat.mccdc.usmc.mil
ehqmc.usmc.mil
ehqmc.hqi.usmc.mil
ehqmc.portal.mceits.usmc.mil
ehqmcadhoc.usmc.mil
ehqmcadhoc.hqi.usmc.mil
ehqmcdev.hqi.usmc.mil
ehqmcowa.hqi.usmc.mil
ehqmcportal.hqi.usmc.mil
ehqmcstage.usmc.mil
ehqmcstgadhoc.usmc.mil
ehqmcstgsupport.usmc.mil
ehqmcsupport.usmc.mil
ehqmcsupport.hqi.usmc.mil
eis.usmc.mil
eis.zonea.mceits.usmc.mil
eko.mcnosc.usmc.mil
elearning.marinenet.usmc.mil
elms.usmc.mil
em.usmc.mil
emcrsc.mfr.usmc.mil
emh.21445.usmc.mil
encore.usmc.mil
enterpriseregistration.usmc.mil
epsit205110.usmc.mil
er.usmc.mil
eris.mceits.usmc.mil
ern1-cas-array.mcw.ad.usmc.mil
ern11705.mcw.ad.usmc.mil
ern11706.mcw.ad.usmc.mil
ern19805.mcw.ad.usmc.mil
ern19806.mcw.ad.usmc.mil
ern19807.mcw.ad.usmc.mil
ers1129.logcom.usmc.mil
ers1151.logcom.usmc.mil
ers1vm0901.logcom.usmc.mil
ers1vm0902.logcom.usmc.mil
ers1vm32.logcom.usmc.mil
ers1vm3701.logcom.usmc.mil
ers1vm3710.logcom.usmc.mil
ers1vm62.logcom.usmc.mil
euaf6402.mcdsus.mcds.usmc.mil
euaf6403.mcdsus.mcds.usmc.mil
eug11701.mcw.ad.usmc.mil
eug11702.mcw.ad.usmc.mil
eug19804.mcw.ad.usmc.mil
eug19805.mcw.ad.usmc.mil
eusmc.mceits.usmc.mil
exch.albany.usmc.mil
exchange.mccdc.usmc.mil
exchange.tecom.usmc.mil
external.mcia.usmc.mil
extranet.logcom.usmc.mil
extranett.logcom.usmc.mil
fa.hqi.usmc.mil
facilities-integration.usmc.mil
fdes-15meuharpers-ferry.harpers-ferry.usmc.mil
fdi24452.disa.mil1415226.usmc.mil
fitness.usmc.mil
fl94.ips0.usmc.mil
fs.marines.usmc.mil
fsb-storefront.usmc.mil
fstr9801.mcdsus.mcds.usmc.mil
ftp.marforlant.usmc.mil
ftp01.manpower.usmc.mil
fuji.usmc.mil
fujirtr1.fuji.usmc.mil
fujisc1.fuji.usmc.mil
futenma-weather.mcbbutler.usmc.mil
fwd.portal.marcent.usmc.mil
gaa117.logcom.usmc.mil
gaa118.logcom.usmc.mil
gaa350.logcom.usmc.mil
gaa351.logcom.usmc.mil
gate01-quantico.nmci.usmc.mil
gate01-sandiego.nmci.usmc.mil
gate02-quantico.nmci.usmc.mil
gate02-sandiego.nmci.usmc.mil
gate1-in.cdc.usmc.mil
gate1.29palms.usmc.mil
gate1.albany.usmc.mil
gate1.bam.usmc.mil
gate1.beaufort.usmc.mil
gate1.cdc.usmc.mil
gate1.cherrypoint.usmc.mil
gate1.cpp.usmc.mil
gate1.drpmaaa.usmc.mil
gate1.dsid123.usmc.mil
gate1.dsid136.usmc.mil
gate1.dsid137.usmc.mil
gate1.dsid138.usmc.mil
gate1.dsid139.usmc.mil
gate1.dsid140.usmc.mil
gate1.dsid141.usmc.mil
gate1.dsid142.usmc.mil
gate1.dsid143.usmc.mil
gate1.dsid144.usmc.mil
gate1.dsid145.usmc.mil
gate1.dsid146.usmc.mil
gate1.dsid147.usmc.mil
gate1.dsid148.usmc.mil
gate1.dsid149.usmc.mil
gate1.dsid150.usmc.mil
gate1.dsid151.usmc.mil
gate1.dsid152.usmc.mil
gate1.dsid153.usmc.mil
gate1.dsid154.usmc.mil
gate1.dsid155.usmc.mil
gate1.dsid156.usmc.mil
gate1.dsid157.usmc.mil
gate1.dsid158.usmc.mil
gate1.dsid159.usmc.mil
gate1.dsid160.usmc.mil
gate1.dsid161.usmc.mil
gate1.dsid162.usmc.mil
gate1.dsid163.usmc.mil
gate1.dsid164.usmc.mil
gate1.dsid165.usmc.mil
gate1.dsid166.usmc.mil
gate1.dsid167.usmc.mil
gate1.dsid168.usmc.mil
gate1.dsid169.usmc.mil
gate1.dsid170.usmc.mil
gate1.dsid171.usmc.mil
gate1.dsid172.usmc.mil
gate1.dsid173.usmc.mil
gate1.dsid174.usmc.mil
gate1.dsid175.usmc.mil
gate1.dsid176.usmc.mil
gate1.dsid177.usmc.mil
gate1.dsid178.usmc.mil
gate1.dsid179.usmc.mil
gate1.dsid180.usmc.mil
gate1.dsid181.usmc.mil
gate1.dsid182.usmc.mil
gate1.dsid183.usmc.mil
gate1.dsid184.usmc.mil
gate1.dsid185.usmc.mil
gate1.dsid186.usmc.mil
gate1.dsid187.usmc.mil
gate1.dsid188.usmc.mil
gate1.dsid189.usmc.mil
gate1.dsid190.usmc.mil
gate1.dsid191.usmc.mil
gate1.dsid192.usmc.mil
gate1.dsid193.usmc.mil
gate1.dsid194.usmc.mil
gate1.dsid195.usmc.mil
gate1.dsid196.usmc.mil
gate1.dsid197.usmc.mil
gate1.dsid198.usmc.mil
gate1.dsid199.usmc.mil
gate1.dsid200.usmc.mil
gate1.dsid201.usmc.mil
gate1.dsid202.usmc.mil
gate1.dsid203.usmc.mil
gate1.dsid204.usmc.mil
gate1.dsid205.usmc.mil
gate1.dsid206.usmc.mil
gate1.dsid207.usmc.mil
gate1.dsid208.usmc.mil
gate1.dsid209.usmc.mil
gate1.dsid210.usmc.mil
gate1.dsid211.usmc.mil
gate1.dsid212.usmc.mil
gate1.dsid213.usmc.mil
gate1.dsid214.usmc.mil
gate1.dsid215.usmc.mil
gate1.dsid216.usmc.mil
gate1.dsid217.usmc.mil
gate1.dsid218.usmc.mil
gate1.dsid219.usmc.mil
gate1.dsid220.usmc.mil
gate1.dsid221.usmc.mil
gate1.dsid224.usmc.mil
gate1.dsid226.usmc.mil
gate1.dsid227.usmc.mil
gate1.dsid228.usmc.mil
gate1.dsid229.usmc.mil
gate1.dsid247.usmc.mil
gate1.dsid248.usmc.mil
gate1.dsid249.usmc.mil
gate1.dsid250.usmc.mil
gate1.dsid251.usmc.mil
gate1.dsid252.usmc.mil
gate1.dsid253.usmc.mil
gate1.dsid254.usmc.mil
gate1.dsid255.usmc.mil
gate1.dsid41.usmc.mil
gate1.dsid54.usmc.mil
gate1.dsid55.usmc.mil
gate1.dsid56.usmc.mil
gate1.dsid58.usmc.mil
gate1.dsid59.usmc.mil
gate1.efv.usmc.mil
gate1.foxtrot.usmc.mil
gate1.fuji.usmc.mil
gate1.indy.usmc.mil
gate1.itx.usmc.mil
gate1.jeccs49.usmc.mil
gate1.kceitc.usmc.mil
gate1.lejeune.usmc.mil
gate1.marcent.usmc.mil
gate1.marfork.usmc.mil
gate1.matcombic.usmc.mil
gate1.mbw.usmc.mil
gate1.mcbbutler.usmc.mil
gate1.mcbh.usmc.mil
gate1.mce-r.usmc.mil
gate1.mceits.usmc.mil
gate1.mcnosc.usmc.mil
gate1.mcrdpi.usmc.mil
gate1.mfe.usmc.mil
gate1.mfp.usmc.mil
gate1.mfr.usmc.mil
gate1.mfs.usmc.mil
gate1.miramar.usmc.mil
gate1.mwtc.usmc.mil
gate1.oscar.usmc.mil
gate1.quantico.usmc.mil
gate1.rga.usmc.mil
gate1.sdo.usmc.mil
gate1.yuma.usmc.mil
gate11-foster.nmci.usmc.mil
gate11-pearlharbor.nmci.usmc.mil
gate11-quantico.nmci.usmc.mil
gate11-sandiego.nmci.usmc.mil
gate12-foster.nmci.usmc.mil
gate12-pearlharbor.nmci.usmc.mil
gate12-quantico.nmci.usmc.mil
gate12-sandiego.nmci.usmc.mil
gate13-foster.nmci.usmc.mil
gate13-quantico.nmci.usmc.mil
gate13-sandiego.nmci.usmc.mil
gate14-foster.nmci.usmc.mil
gate14-quantico.nmci.usmc.mil
gate14-sandiego.nmci.usmc.mil
gate15-quantico.nmci.usmc.mil
gate15-sandiego.nmci.usmc.mil
gate16-quantico.nmci.usmc.mil
gate16-sandiego.nmci.usmc.mil
gate17-quantico.nmci.usmc.mil
gate17-sandiego.nmci.usmc.mil
gate18-quantico.nmci.usmc.mil
gate18-sandiego.nmci.usmc.mil
gate1e.kceitc.usmc.mil
gate1em.kceitc.usmc.mil
gate1s.kceitc.usmc.mil
gate1sm.kceitc.usmc.mil
gate1snet.sdo.usmc.mil
gate2-in.cdc.usmc.mil
gate2.cdc.usmc.mil
gate2.mceits.usmc.mil
gate21-quantico.nmci.usmc.mil
gate21-sandiego.nmci.usmc.mil
gate22-quantico.nmci.usmc.mil
gate22-sandiego.nmci.usmc.mil
gate23-quantico.nmci.usmc.mil
gate23-sandiego.nmci.usmc.mil
gate24-quantico.nmci.usmc.mil
gate24-sandiego.nmci.usmc.mil
gate25-quantico.nmci.usmc.mil
gate25-sandiego.nmci.usmc.mil
gate26-quantico.nmci.usmc.mil
gate26-sandiego.nmci.usmc.mil
gate27-quantico.nmci.usmc.mil
gate27-sandiego.nmci.usmc.mil
gate28-quantico.nmci.usmc.mil
gate28-sandiego.nmci.usmc.mil
gate28.tico.nmci.usmc.mil
gatehidd139.usmc.mil
gatehousenewsservgate2.mceits.usmc.mil
gcssmc-ascp-tri.usmc.mil
gcssmc-ascp-tri-pss.usmc.mil
gcssmc-bi-tri.usmc.mil
gcssmc-bi-tri-pss.usmc.mil
gcssmc-disco-tri.usmc.mil
gcssmc-disco-tri-pss.usmc.mil
gcssmc-ebs-pss-sakc.usmc.mil
gcssmc-ebs-sakc.usmc.mil
gcssmc-ebs-tri.usmc.mil
gcssmc-ebs-tri-pss.usmc.mil
gcssmc-int-pss-sakc.usmc.mil
gcssmc-int-tri.usmc.mil
gcssmc-int-tri-pss.usmc.mil
gcssmc-mfs-tri.usmc.mil
gcssmc-mfs-tri-pss.usmc.mil
gcssmc-mgt-tri.usmc.mil
gcssmc-mgt-tri-pss.usmc.mil
gcssmc-oam-pss-sakc.usmc.mil
gcssmc-oam-sakc.usmc.mil
gcssmc-oam-tri.usmc.mil
gcssmc-oam-tri-pss.usmc.mil
gcssmc-obiee-pss-sakc.usmc.mil
gcssmc-obiee-sakc.usmc.mil
gcssmc-pss-sakc.usmc.mil
gcssmc-sakc.usmc.mil
gcssmc-tri.usmc.mil
gcssmc-tri-pss.usmc.mil
ge.usmc.mil
ge1445.usmc.mil
gef-emh.21445.usmc.mil
gen1452.usmc.mil
gen452.usmc.mil
gen5.usmc.mil
genemh.21445.usmc.mil
gener.usmc.mil
gener45.usmc.mil
generi452.usmc.mil
generic-130-218.b21452.usmc.mil
generic-136-149.bult21452.usmc.mil
generic-138-6.bulkhost.usafricost21452.usmc.mil
generic-141-232.bulk1452.usmc.mil
generic-142-.usmc.mil
generic-148-22545.usmc.mil
generic-152-116.bulkhos.21445.usmc.mil
generic-193-235.bulkhost.usafricom.usmc.mil
generic-197-84.bulkhost.usost21452.usmc.mil
generic-21-169.bulkhost.445.usmc.mil
generic-213-33.bulkhost.usafricom.milef-emh.21445.usmc.mil
generic-223-21.bulkh5.usmc.mil
generic-224-129.bulkhost.u445.usmc.mil
generic-225-202.bulkhf-emh.21445.usmc.mil
generic-235-64.bu21445.usmc.mil
generic-236-182.bulmef-emh.21445.usmc.mil
generic-236-228.bulkhost.usafricom.mef-emh.21445.usmc.mil
generic-238-22.usmc.mil
generic-238-76.bulkhost.usafricoef-emh.21445.usmc.mil
generic-52.usmc.mil
generic-53-188.bulkhost.usafricom.miemh.21445.usmc.mil
generic-54-220.bulkhost.usafricom.mimh.21445.usmc.mil
generic-62-ost21452.usmc.mil
generic-64-1host21452.usmc.mil
generic-67-76.bulkhost.usafricom.milst21452.usmc.mil
generic-7-11452.usmc.mil
generic-7-159.bulk1452.usmc.mil
generic-7-18ost21452.usmc.mil
generic-8-38.bulkhst21452.usmc.mil
generic-81-211.bulkhost21452.usmc.mil
generic-82-208.bulkhost.usafricom.host21452.usmc.mil
generic-83-15.bulkhost21452.usmc.mil
generic-84-102.bul2.usmc.mil
generic-87-21452.usmc.mil
generic-9-191.bulkhhost21452.usmc.mil
generic-91-197.bulkhost.52.usmc.mil
generic-92-204.bulkhost1452.usmc.mil
generic-97-130.bu52.usmc.mil
generic445.usmc.mil
genermh.21445.usmc.mil
genet21452.usmc.mil
genst21452.usmc.mil
geofi-stage.mceits.usmc.mil
geofi.mceits.usmc.mil
gfmos.usmc.mil
gfmos.mceits.usmc.mil
gisevent.mcieast.usmc.mil
gpac.1fssg.usmc.mil
gra-rt-el-valley_cresost205110.usmc.mil
green.mceits.usmc.mil
gtmo-24-207.med.navy.mi205109.usmc.mil
guahost205109.usmc.mil
h.usmc.mil
h.21444.usmc.mil
h21415200.usmc.mil
helpdesk.mceits.usmc.mil
henderson.manpower.usmc.mil
hhost205110.usmc.mil
hmx-1.usmc.mil
hmx01a.hmx-1.usmc.mil
hmx01c.hmx-1.usmc.mil
hmx01e.hmx-1.usmc.mil
ho.usmc.mil
ho9.usmc.mil
hod.cpp.usmc.mil
hoemh.21445.usmc.mil
homeport.usmc.mil
homeport.zonea.mceits.usmc.mil
hoost205110.usmc.mil
hos.usmc.mil
hos0.usmc.mil
hos05110.usmc.mil
hos10.usmc.mil
hos109.usmc.mil
hos110.usmc.mil
hos1452.usmc.mil
hos21415207.usmc.mil
hos5109.usmc.mil
hos5110.usmc.mil
hoshost21415192.usmc.mil
hosst205110.usmc.mil
host-204-05109.usmc.mil
host-204-93-122-207.valolt3.epbf.usmc.mil
host-204-93-123-36.jenolt4.epbost205109.usmc.mil
host-204-93-126-122.vahost205109.usmc.mil
host-204-93-126-148.valolt5.epb.usmc.mil
host-214-1.usmc.mil
host-214-115216.usmc.mil
host-214-18-103-21host21415204.usmc.mil
host-214-18-2-235.rtp.osd.usmc.mil
host-214-18-217-180.5188.usmc.mil
host-214-18-217415187.usmc.mil
host-214-18-228-415188.usmc.mil
host-214-18-254-981415204.usmc.mil
host-214-18-26-177.rtp.osd1415193.usmc.mil
host-214-18-29-125.rst21415198.usmc.mil
host-214-18-3-115209.usmc.mil
host-214-18-43-48.1415216.usmc.mil
host-214-18-50-1215.usmc.mil
host-214-18-ost21415201.usmc.mil
host-215190.usmc.mil
host.biometrics.mil415251.usmc.mil
host10.usmc.mil
host20.usmc.mil
host2010.usmc.mil
host20109.usmc.mil
host20505110.usmc.mil
host20510.usmc.mil
host2051005109.usmc.mil
host2051005110.usmc.mil
host2051010.usmc.mil
host205109.usmc.mil
host205109.ost205110.usmc.mil
host205109.u9.usmc.mil
host205109.uost205110.usmc.mil
host205109.us09.usmc.mil
host205109.us5110.usmc.mil
host205109.usmc.usmc.mil
host205109.usmc.0.usmc.mil
host205109.usmc.05109.usmc.mil
host205109.usmc.m5109.usmc.mil
host205109.usmc.mi.usmc.mil
host205109.usmc.mi0.usmc.mil
host205109.usmc.mi05110.usmc.mil
host205109.usmc.mi10.usmc.mil
host205109.usmc.mi109.usmc.mil
host205109.usmc.mi5110.usmc.mil
host205109.usmc.mil0.usmc.mil
host205109.usmc.milst205109.usmc.mil
host205109.usmc.miost205109.usmc.mil
host205109.usmc.mit205110.usmc.mil
host205109.usmc.most205109.usmc.mil
host205109.usmc0.usmc.mil
host205109.usmchost205109.usmc.mil
host205109.usmchost205110.usmc.mil
host205109.usst205110.usmc.mil
host205109205110.usmc.mil
host205109st205109.usmc.mil
host20511.usmc.mil
host205110.usmc.mil
host205110.05109.usmc.mil
host205110.05110.usmc.mil
host205110.09.usmc.mil
host205110.uhost205109.usmc.mil
host205110.us0.usmc.mil
host205110.us05109.usmc.mil
host205110.us109.usmc.mil
host205110.us110.usmc.mil
host205110.usmc.05109.usmc.mil
host205110.usmc.205110.usmc.mil
host205110.usmc.m05109.usmc.mil
host205110.usmc.m09.usmc.mil
host205110.usmc.mhost205109.usmc.mil
host205110.usmc.mi.usmc.mil
host205110.usmc.mi205110.usmc.mil
host205110.usmc.mil5109.usmc.mil
host205110.usmc.milhost205110.usmc.mil
host205110.usmc.milost205110.usmc.mil
host205110.usmc.milst205109.usmc.mil
host205110.usmc.t205109.usmc.mil
host205110.usmc.t205110.usmc.mil
host205110.usmc5109.usmc.mil
host205110.usmst205109.usmc.mil
host205110.usost205110.usmc.mil
host205110.ut205109.usmc.mil
host2051100.usmc.mil
host20511005109.usmc.mil
host205110138.usmc.mil
host205110host205110.usmc.mil
host205110ost205109.usmc.mil
host205110st205109.usmc.mil
host2051110.usmc.mil
host205115110.usmc.mil
host20511st205109.usmc.mil
host20511t205110.usmc.mil
host2051205110.usmc.mil
host20515110.usmc.mil
host2051ost205109.usmc.mil
host2051st205110.usmc.mil
host2051t205110.usmc.mil
host2059.usmc.mil
host205st205110.usmc.mil
host20host205110.usmc.mil
host20ost205110.usmc.mil
host20t205109.usmc.mil
host212.usmc.mil
host2141511.usmc.mil
host21415123.usmc.mil
host21415136.usmc.mil
host21415137.usmc.mil
host21415138.usmc.mil
host21415139.usmc.mil
host21415140.usmc.mil
host21415141.usmc.mil
host21415142.usmc.mil
host21415143.usmc.mil
host21415144.usmc.mil
host21415145.usmc.mil
host21415146.usmc.mil
host21415147.usmc.mil
host21415148.usmc.mil
host21415149.usmc.mil
host21415150.usmc.mil
host21415151.usmc.mil
host21415152.usmc.mil
host21415153.usmc.mil
host21415154.usmc.mil
host21415155.usmc.mil
host21415156.usmc.mil
host21415157.usmc.mil
host21415158.usmc.mil
host21415159.usmc.mil
host21415160.usmc.mil
host21415161.usmc.mil
host21415162.usmc.mil
host21415163.usmc.mil
host21415164.usmc.mil
host21415165.usmc.mil
host21415166.usmc.mil
host21415167.usmc.mil
host21415168.usmc.mil
host21415168st21415158.usmc.mil
host21415169.usmc.mil
host21415170.usmc.mil
host21415171.usmc.mil
host21415172.usmc.mil
host21415173.usmc.mil
host21415175.usmc.mil
host21415176.usmc.mil
host21415177.usmc.mil
host21415178.usmc.mil
host21415179.usmc.mil
host21415180.usmc.mil
host21415181.usmc.mil
host21415181.usmc.mit21415149.usmc.mil
host21415182.usmc.mil
host21415183.usmc.mil
host21415185.usmc.mil
host21415186.usmc.mil
host21415187.usmc.mil
host21415188.usmc.mil
host21415189.usmc.mil
host21415190.usmc.mil
host21415191.usmc.mil
host21415192.usmc.mil
host21415193.usmc.mil
host21415195.usmc.mil
host21415196.usmc.mil
host21415197.usmc.mil
host21415198.usmc.mil
host21415199.usmc.mil
host21415200.usmc.mil
host21415201.usmc.mil
host21415202.usmc.mil
host21415203.usmc.mil
host21415204.usmc.mil
host21415205.usmc.mil
host21415207.usmc.mil
host21415208.usmc.mil
host21415209.usmc.mil
host21415212.usmc.mil
host21415213.usmc.mil
host21415214.usmc.mil
host21415215.usmc.mil
host21415216.usmc.mil
host21415217.usmc.mil
host21415218.usmc.mil
host21415219.usmc.mil
host21415220.usmc.mil
host21415221.usmc.mil
host21415224.usmc.mil
host21415225.usmc.mil
host21415226.usmc.mil
host21415227.usmc.mil
host21415228.usmc.mil
host21415247.usmc.mil
host21415248.usmc.mil
host21415249.usmc.mil
host21415250.usmc.mil
host21415251.usmc.mil
host21415252.usmc.mil
host21415253.usmc.mil
host21415254.usmc.mil
host21415255.usmc.mil
host2141574.usmc.mil
host21421445.usmc.mil
host21443.usmc.mil
host2145.usmc.mil
host21452.usmc.mil
host21452.452.usmc.mil
host21452.uhost21452.usmc.mil
host21452.umef-emh.21445.usmc.mil
host21452.usemh.21445.usmc.mil
host21452.usm2.usmc.mil
host21452.usm21452.usmc.mil
host21452.usmc.52.usmc.mil
host21452.usmc.mi52.usmc.mil
host21452.usmc.mil445.usmc.mil
host21452.usmc.miost21452.usmc.mil
host21452.usmc.mst21452.usmc.mil
host21452.usmc.st21452.usmc.mil
host21452.usmt21452.usmc.mil
host2145t21452.usmc.mil
host218.afg.usmc.mil
host219.afg.usmc.mil
host2205110.usmc.mil
host25110.usmc.mil
host29.usmc.mil
host2host205109.usmc.mil
host2host205110.usmc.mil
host2host21452.usmc.mil
host2t205110.usmc.mil
host2t21452.usmc.mil
host36.cmfc.usmc.mil
host36.kceitc.usmc.mil
host37.cmfc.usmc.mil
host37.kceitc.usmc.mil
host38.cmfc.usmc.mil
host38.kceitc.usmc.mil
host39.cmfc.usmc.mil
host39.kceitc.usmc.mil
host40.cmfc.usmc.mil
host41.cmfc.usmc.mil
host42.cmfc.usmc.mil
host43.cmfc.usmc.mil
host44.cmfc.usmc.mil
host45.usmc.mil
host45.cmfc.usmc.mil
host46.cmfc.usmc.mil
host47.cmfc.usmc.mil
host48.cmfc.usmc.mil
host49.cmfc.usmc.mil
host50.cmfc.usmc.mil
host51.cmfc.usmc.mil
host5109.usmc.mil
host52.cmfc.usmc.mil
host53.cmfc.usmc.mil
host54.cmfc.usmc.mil
host55.cmfc.usmc.mil
host_205_130_210_204.l-set205110.usmc.mil
host_205_130_212_129.l-se10.usmc.mil
host_205_130_213_5.l0.usmc.mil
host_205_130_214_200.usmc.mil
host_205_130_216_2110.usmc.mil
host_205_130_216_233.205110.usmc.mil
host_205_130_216_248.l-secb.net0.usmc.mil
host_205_13host205110.usmc.mil
host_205_t205110.usmc.mil
host_25110.usmc.mil
hosthost205110.usmc.mil
hostost205109.usmc.mil
hostst205110.usmc.mil
hot205109.usmc.mil
hotline.usmc.mil
hq-7-17-118.bulk.dla.mil21452.usmc.mil
hq-7-19-155.bulk.dla.m1452.usmc.mil
hq3270.hqmc.usmc.mil
hqbb01.hqmc.usmc.mil
hqbh701.manpower.usmc.mil
hqdod.hqmc.usmc.mil
hqi.usmc.mil
hqiirs001.hqmc.usmc.mil
hqinet001.hqmc.usmc.mil
hqipom01.hqi.usmc.mil
hqipom1.hqmc.usmc.mil
hqisna02.hqmc.usmc.mil
hqmail001.hqmc.usmc.mil
hqmc.usmc.mil
hqmc01wc.hqmc.usmc.mil
hqmc03d.hqmc.usmc.mil
hqmcadhocstg.hqi.usmc.mil
hqmcats.hqmc.usmc.mil
hqmcportal.hqi.usmc.mil
hqmcportalstg.hqi.usmc.mil
hqowa.hqmc.usmc.mil
hqpr7.hqi.usmc.mil
hqqua03003n1.rcen.marines.usmc.mil
hqqua03003n2.rcen.marines.usmc.mil
hqqua03010.rcen.marines.usmc.mil
hqqua03011.rcen.marines.usmc.mil
hqs0smtpd01.hqi.usmc.mil
hqsh701.manpower.usmc.mil
hqsh702.manpower.usmc.mil
hst205110.usmc.mil
hst21452.usmc.mil
ht205109.usmc.mil
ht205110.usmc.mil
hub-ncn1-array.mcw.ad.usmc.mil
hue.audit.usmc.mil
i-mef.usmc.mil
iam.audit.usmc.mil
ideas.cherrypoint.usmc.mil
idm.mceits.usmc.mil
idp.mcrissiid.mmps.mcrc.cspm.marines.usmc.mil
idp.mcrissiil.mmps.mcrc.cspm.marines.usmc.mil
idp.mcrissiip.mmps.mcrc.cspm.marines.usmc.mil
idp.mcrissiit.mmps.mcrc.cspm.marines.usmc.mil
iiimef.usmc.mil
iiimef-apps.usmc.mil
iiimef01w.iiimef.usmc.mil
iiimefdj01e.iiimefdj.usmc.mil
iimef.usmc.mil
iimef8com02.iimef.usmc.mil
iimefce03.iimef.usmc.mil
iimefce04.iimef.usmc.mil
iimefdom01.iimef.usmc.mil
iimefenb01.iimefenabler.usmc.mil
iimeffwd.usmc.mil
iis.marcorsyscom.usmc.mil
il.usmc.mil
images.mceits.usmc.mil
imef.cpp.usmc.mil
insight-bc-ocdc.metavante.org9.usmc.mil
internetdev.mfr.usmc.mil
intra.ace.3mef.usmc.mil
intranet.22meu.usmc.mil
intranet.24meu.usmc.mil
intranet.26meu.usmc.mil
intranet.2dmardiv.usmc.mil
intranet.2dmaw.usmc.mil
intranet.2dmlg.usmc.mil
intranet.2mawcp.usmc.mil
intranet.3fssg.usmc.mil
intranet.ala.usmc.mil
intranet.iimef.usmc.mil
intranet.logcom.usmc.mil
intranet.mcieast.usmc.mil
intranet.mcu.usmc.mil
intranet.tecom.usmc.mil
intranet1.22meu.usmc.mil
intranet1.24meu.usmc.mil
intranet1.26meu.usmc.mil
intranet1.2dmardiv.usmc.mil
intranet1.2dmaw.usmc.mil
intranet1.2dmeb.usmc.mil
intranet1.2dmlg.usmc.mil
intranet1.iimef.usmc.mil
intranet1.iimhg.usmc.mil
intranet1.mcieast.usmc.mil
intranet2.iimef.usmc.mil
intranetdev.mfr.usmc.mil
ip-stolen-from.usmc.mil
ipas.marcorsyscom.usmc.mil
ips.usmc.mil
irr.usmc.mil
irr.marforres.usmc.mil
irris.mcieast.usmc.mil
irris2.mcieast.usmc.mil
issuetrak.mfp.usmc.mil
istar.usmc.mil
itprocurement.hqi.usmc.mil
itsg.hqmc.usmc.mil
itx.usmc.mil
iwakuni.usmc.mil
iwznt005.iwz.usmc.mil
j18.platinumdb.usmc.mil
j2ci-145.rvsresolver.centco.usmc.mil
j2ci-2252.usmc.mil
j2ci415250.usmc.mil
ja.hqi.usmc.mil
jedmicsweb.logcom.usmc.mil
jnlwd.usmc.mil
jwtc.mcbbutler.usmc.mil
kaaydd01.barstow.usmc.mil
kabbjm01.bft.usmc.mil
kabxaw01.mfe.usmc.mil
kaetzb01.cpp.usmc.mil
kalfrn01.iwz.usmc.mil
kaljqa01.yuma.usmc.mil
kalybc01.mcbh.usmc.mil
kanji.okinawa.usmc.mil
karqma01.mfr.usmc.mil
kaswrm01.mcrdpi.usmc.mil
katvyx01.quantico.usmc.mil
kaxkza01.29palms.usmc.mil
kbjrtr1.mcbh.usmc.mil
kbjsc1.mcbh.usmc.mil
kc.eis.usmc.mil
kc130j-lms.cherrypoint.usmc.mil
kc2sslvpn.usmc.mil
kcma.mfr.usmc.mil
kcsslvpn.usmc.mil
kdljqa01.yuma.usmc.mil
kdxkza01.29palms.usmc.mil
kiaduk01.albany.usmc.mil
kitcfw11.usmc.mil
kitcssl01.usmc.mil
kladuk01.albany.usmc.mil
klaydd01.barstow.usmc.mil
klbbjm01.bft.usmc.mil
klbxaw01.mfe.usmc.mil
kldnnh01.cherrypoint.usmc.mil
kletzb01.cpp.usmc.mil
kllfrn01.iwz.usmc.mil
klljqa01.yuma.usmc.mil
kllybc01.mcbh.usmc.mil
klqkja01.miramar.usmc.mil
klrqma01.mfr.usmc.mil
klscbe01.marforlant.usmc.mil
klswrm01.mcrdpi.usmc.mil
kltvyx01.quantico.usmc.mil
kltvyy01.hqmc.usmc.mil
klxkza01.29palms.usmc.mil
km.mceits.usmc.mil
kmaydd01.barstow.usmc.mil
kmbbjm01.bft.usmc.mil
kmbxaw01.mfe.usmc.mil
kmdnnh01.cherrypoint.usmc.mil
kmetzb01.cpp.usmc.mil
kmfrxtjchuf9eswfdd01.barstow.usmc.mil
kmlfrn01.iwz.usmc.mil
kmljqa01.yuma.usmc.mil
kmlybc01.mcbh.usmc.mil
kmqkkj01.miramar.usmc.mil
kmrqma01.mfr.usmc.mil
kmscbe01.marforlant.usmc.mil
kmswrm01.mcrdpi.usmc.mil
kmtms.usmc.mil
kmtmsportal.usmc.mil
kmtvyx01.quantico.usmc.mil
kmxkza01.29palms.usmc.mil
konnect.hqi.usmc.mil
krulak.manpower.usmc.mil
ksaduk01.albany.usmc.mil
ksaduk02.albany.usmc.mil
ksetzb01.cpp.usmc.mil
ksetzb02.cpp.usmc.mil
kstvyx01.quantico.usmc.mil
kstvyx02.quantico.usmc.mil
kstvyy01.hqmc.usmc.mil
kstvyy02.hqmc.usmc.mil
kuwait.manpower.usmc.mil
lag-3-2061.ear2.washington1.le05110.usmc.mil
lapointdc.ui05110.usmc.mil
lce.3mef.usmc.mil
lcmi.logcom.usmc.mil
lcmipw01.logcom.usmc.mil
lcmitest.logcom.usmc.mil
lcmitw01.logcom.usmc.mil
ldap.mol.usmc.mil
legacy.marines.usmc.mil
legacyapps.mcsc.usmc.mil
legacymail.isf.usmc.mil
legacymail.jp.usmc.mil
legacymail.us.usmc.mil
lejeune.usmc.mil
lejeune.mcieast.usmc.mil
lejeune1.mcieast.usmc.mil
lfsapps.hqi.usmc.mil
llora01.rga.usmc.mil
llportal01.rga.usmc.mil
lms.ala.usmc.mil
lmshelp.marinenet.usmc.mil
lnweb1.manpower.usmc.mil
logcom.usmc.mil
logcomcav.logcom.usmc.mil
logcomcmis.ala.usmc.mil
logcomcmis.logcom.usmc.mil
logcomcmist.ala.usmc.mil
logcomcmist.logcom.usmc.mil
logcomcognosb.logcom.usmc.mil
logcomcsg.logcom.usmc.mil
logcompbv.logcom.usmc.mil
login.manpower.usmc.mil
logmod.hqmc.usmc.mil
logway.logcom.usmc.mil
logway.mceits.usmc.mil
logwaydisco.logcom.usmc.mil
logwayi.logcom.usmc.mil
logwayreg.logcom.usmc.mil
logwaysso.logcom.usmc.mil
lrs.marinenet.usmc.mil
lync-webapps.rcen.marines.usmc.mil
lyncdiscover.rcen.marines.usmc.mil
lyncpool01.rcen.marines.usmc.mil
m.21444.usmc.mil
m140.usmc.mil
m1415172.usmc.mil
m15183.usmc.mil
m20220.mcbbutler.usmc.mil
m31000.lejeune.usmc.mil
m4.usmc.mil
m444.usmc.mil
m4l.usmc.mil
m62613.iwz.usmc.mil
m62974.yuma.usmc.mil
maaydd01.barstow.usmc.mil
mabbjm01.bft.usmc.mil
mabxaw01.mfe.usmc.mil
macserver.scm0.usmc.mil
madnnh01.cherrypoint.usmc.mil
madw.mceits.usmc.mil
maetfb01.lejeune.usmc.mil
maetzb01.cpp.usmc.mil
maeuvb01.mfp.usmc.mil
maeuvb02.mfp.usmc.mil
mail.usmc.mil
mail.13meufwd.usmc.mil
mail.24meufwd.usmc.mil
mail.2dmlg.usmc.mil
mail.2fssg.usmc.mil
mail.2mardiv.usmc.mil
mail.31meufwd.usmc.mil
mail.3maw.usmc.mil
mail.3mawdf.usmc.mil
mail.3mef.usmc.mil
mail.4meb.usmc.mil
mail.afghan.usmc.mil
mail.bcocdm.usmc.mil
mail.bic.usmc.mil
mail.fuji.usmc.mil
mail.iimef.usmc.mil
mail.iimeffwd.usmc.mil
mail.lce.3mef.usmc.mil
mail.lejeune.usmc.mil
mail.marcent.usmc.mil
mail.marfork.usmc.mil
mail.marines.usmc.mil
mail.mcia.usmc.mil
mail.mcnosc.usmc.mil
mail.me.usmc.mil
mail.mfe.usmc.mil
mail.newriver.usmc.mil
mail.shredder7.usmc.mil
mail.shredder71.usmc.mil
mail.shredder75.usmc.mil
mail1.3mawdf.usmc.mil
mail1.dsid123.usmc.mil
mail1.dsid136.usmc.mil
mail1.dsid137.usmc.mil
mail1.dsid138.usmc.mil
mail1.dsid139.usmc.mil
mail1.dsid140.usmc.mil
mail1.dsid141.usmc.mil
mail1.dsid142.usmc.mil
mail1.dsid143.usmc.mil
mail1.dsid144.usmc.mil
mail1.dsid145.usmc.mil
mail1.dsid146.usmc.mil
mail1.dsid147.usmc.mil
mail1.dsid148.usmc.mil
mail1.dsid149.usmc.mil
mail1.dsid150.usmc.mil
mail1.dsid151.usmc.mil
mail1.dsid152.usmc.mil
mail1.dsid153.usmc.mil
mail1.dsid154.usmc.mil
mail1.dsid155.usmc.mil
mail1.dsid156.usmc.mil
mail1.dsid157.usmc.mil
mail1.dsid158.usmc.mil
mail1.dsid159.usmc.mil
mail1.dsid160.usmc.mil
mail1.dsid161.usmc.mil
mail1.dsid162.usmc.mil
mail1.dsid163.usmc.mil
mail1.dsid164.usmc.mil
mail1.dsid165.usmc.mil
mail1.dsid166.usmc.mil
mail1.dsid167.usmc.mil
mail1.dsid168.usmc.mil
mail1.dsid169.usmc.mil
mail1.dsid170.usmc.mil
mail1.dsid171.usmc.mil
mail1.dsid172.usmc.mil
mail1.dsid173.usmc.mil
mail1.dsid174.usmc.mil
mail1.dsid175.usmc.mil
mail1.dsid176.usmc.mil
mail1.dsid177.usmc.mil
mail1.dsid178.usmc.mil
mail1.dsid179.usmc.mil
mail1.dsid180.usmc.mil
mail1.dsid181.usmc.mil
mail1.dsid182.usmc.mil
mail1.dsid183.usmc.mil
mail1.dsid184.usmc.mil
mail1.dsid185.usmc.mil
mail1.dsid186.usmc.mil
mail1.dsid187.usmc.mil
mail1.dsid188.usmc.mil
mail1.dsid189.usmc.mil
mail1.dsid190.usmc.mil
mail1.dsid191.usmc.mil
mail1.dsid192.usmc.mil
mail1.dsid193.usmc.mil
mail1.dsid194.usmc.mil
mail1.dsid195.usmc.mil
mail1.dsid196.usmc.mil
mail1.dsid197.usmc.mil
mail1.dsid198.usmc.mil
mail1.dsid199.usmc.mil
mail1.dsid200.usmc.mil
mail1.dsid201.usmc.mil
mail1.dsid202.usmc.mil
mail1.dsid203.usmc.mil
mail1.dsid204.usmc.mil
mail1.dsid205.usmc.mil
mail1.dsid206.usmc.mil
mail1.dsid207.usmc.mil
mail1.dsid208.usmc.mil
mail1.dsid209.usmc.mil
mail1.dsid210.usmc.mil
mail1.dsid211.usmc.mil
mail1.dsid212.usmc.mil
mail1.dsid213.usmc.mil
mail1.dsid214.usmc.mil
mail1.dsid215.usmc.mil
mail1.dsid220.usmc.mil
mail1.dsid227.usmc.mil
mail1.dsid248.usmc.mil
mail1.dsid249.usmc.mil
mail1.dsid250.usmc.mil
mail1.dsid251.usmc.mil
mail1.dsid252.usmc.mil
mail1.dsid253.usmc.mil
mail1.dsid254.usmc.mil
mail1.dsid255.usmc.mil
mail1.me.usmc.mil
mail2.24meufwd.usmc.mil
mail2.31meufwd.usmc.mil
mail2.3mawdf.usmc.mil
mail2.afghan.usmc.mil
mail2.bic.usmc.mil
mail2.deployed.usmc.mil
mail2.dsid161.usmc.mil
mail2.dsid174.usmc.mil
mail2.iimeffwd.usmc.mil
mail2.matcombic.usmc.mil
mail2.me.usmc.mil
mail3.24meufwd.usmc.mil
mail3.3mawdf.usmc.mil
mail3.dsid153.usmc.mil
mail3.dsid161.usmc.mil
mail3.dsid174.usmc.mil
mail3.mcess-ams.usmc.mil
mail3.mcess-ams-stg.usmc.mil
mail3.me.usmc.mil
mail39.yuma.usmc.mil
mail4.24meufwd.usmc.mil
mail4.me.usmc.mil
mailfwd.marcent.usmc.mil
mailfwd.marcnet.usmc.mil
make.usmc.mil
make.mceits.usmc.mil
malfrn01.iwz.usmc.mil
maljqa01.yuma.usmc.mil
malybc01.mcbh.usmc.mil
manage.marinenet.usmc.mil
manpower.usmc.mil
maps.geofidelis-east.usmc.mil
maqkja01.miramar.usmc.mil
maqkja02.miramar.usmc.mil
marcent.usmc.mil
marcentrtr1.marcent.usmc.mil
marcentsc1.marcent.usmc.mil
marforcom.usmc.mil
marfork.usmc.mil
marforlant.usmc.mil
marforlant01e.marforlant.usmc.mil
marforpac04e.mfp.usmc.mil
marforpac07a.mfp.usmc.mil
marforpac08s.mfp.usmc.mil
marforpac10s.mfp.usmc.mil
marforres.usmc.mil
marforres.mfr.usmc.mil
marforsouth01.mfs.usmc.mil
marineband.usmc.mil
marinenet1.29palms.usmc.mil
marinenet1.lejeune.usmc.mil
marinenet1.mbw.usmc.mil
marinenet1.pendleton.usmc.mil
marinenet1.quantico.usmc.mil
marinenet2.lejeune.usmc.mil
marines.usmc.mil
marqma01.mfr.usmc.mil
mars.mceits.usmc.mil
martest.mbw.usmc.mil
mass-webuat.manpower.usmc.mil
mass.manpower.usmc.mil
maswrm01.mcrdpi.usmc.mil
matcom.logcom.usmc.mil
matcomapps04.logcom.usmc.mil
matcomapps11.logcom.usmc.mil
matcomapps13.logcom.usmc.mil
matcomapps14.logcom.usmc.mil
matcombic.usmc.mil
matcombicjcweb.bic.usmc.mil
matcombicrtr1.matcombic.usmc.mil
matcombicsc1.matcombic.usmc.mil
matcomsna01.logcom.usmc.mil
matsg33.usmc.mil
matsg33a.matsg33.usmc.mil
matvyx01.quantico.usmc.mil
maxkza01.29palms.usmc.mil
mbdcetfb.lejeune.usmc.mil
mbw.usmc.mil
mbw03nt.mbw.usmc.mil
mbwrtr1.mbw.usmc.mil
mbwsc1.mbw.usmc.mil
mc0c68703e806.chlm1.me.usmc.mil
mcaats.mcsc.usmc.mil
mcae.usmc.mil
mcaeram.usmc.mil
mcafquantico.usmc.mil
mcafquantico.mcieast.usmc.mil
mcafquantico1.mcieast.usmc.mil
mcalms.usmc.mil
mcas.cherrypoint.usmc.mil
mcase.usmc.mil
mcbbutler.usmc.mil
mcbcloraim00.lejeune.usmc.mil
mcbh.usmc.mil
mcbh03e.mcbh.usmc.mil
mcbh04e.mcbh.usmc.mil
mcbh3270.mcbh.usmc.mil
mcbtel.mcbbutler.usmc.mil
mccast.usmc.mil
mccast.mceits.usmc.mil
mccast2.mceits.usmc.mil
mccasttest.mceits.usmc.mil
mccdc.usmc.mil
mccdc.ips.usmc.mil
mccdc.portal.usmc.mil
mccdc02e.mccdc.usmc.mil
mccdcjocwb1.mccdc.usmc.mil
mccll.usmc.mil
mccll04.mccll.usmc.mil
mccll14.mccll.usmc.mil
mccr.usmc.mil
mcdetflw.tecom.usmc.mil
mceap.usmc.mil
mceits.usmc.mil
mcess-ams.usmc.mil
mcess-ams-stg.usmc.mil
mcfaps.usmc.mil
mcfapsbeta.usmc.mil
mcfapstraining.usmc.mil
mcfmis.usmc.mil
mcfmis-csg.usmc.mil
mcfmis-sp-sandiego.usmc.mil
mcfmis.hqi.usmc.mil
mchs.marcorsyscom.usmc.mil
mci.usmc.mil
mcia02e.mcia.quantico.usmc.mil
mcicom.usmc.mil
mcicomportal.usmc.mil
mcie.metoc.cherrypoint.usmc.mil
mcieasttivoli.mcieast.usmc.mil
mcipac.usmc.mil
mcipac-apps.usmc.mil
mcis.usmc.mil
mcismail1.mol.usmc.mil
mcismail2.mol.usmc.mil
mciw.metoc.miramar.usmc.mil
mcjpfstrsslvp00.usmc.mil
mcjpfstrxf01v.mcdsjp.mcds.usmc.mil
mcjpfstrxf02v.mcdsjp.mcds.usmc.mil
mcjpfstrxf03v.mcdsjp.mcds.usmc.mil
mcjpfstrxf04v.mcdsjp.mcds.usmc.mil
mcjrotc.usmc.mil
mclb1web.logcom.usmc.mil
mclbpcmp.albany.usmc.mil
mcmps.manpower.usmc.mil
mcnosc.usmc.mil
mcors.tfs.usmc.mil
mcpic.usmc.mil
mcpic.bic.usmc.mil
mcpiciot.bic.usmc.mil
mcrcmail.marines.usmc.mil
mcrdpi.usmc.mil
mcrdpisna01.mcrdpi.usmc.mil
mcrdsd.usmc.mil
mcriss-cm.marines.usmc.mil
mcriss-reporting.marines.usmc.mil
mcriss.marines.usmc.mil
mcrsc.mfr.usmc.mil
mcsa.usmc.mil
mcsae01.mcsa.usmc.mil
mcsc.usmc.mil
mcsc12a.mcsc.usmc.mil
mcscviper.usmc.mil
mcsd.ala.usmc.mil
mcsd4.ala.usmc.mil
mcsd4.albany.usmc.mil
mcselms.mcsc.usmc.mil
mcsfbnconad.marforlant.usmc.mil
mcsft.usmc.mil
mcss.quantico.usmc.mil
mctims.usmc.mil
mctimsbeta.usmc.mil
mctimstrain.tecom.usmc.mil
mctimstraining.usmc.mil
mctssa.usmc.mil
mcu.usmc.mil
mcu.mcbbutler.usmc.mil
mcu01c.mcu.usmc.mil
mcu02e.mcu.usmc.mil
mcusfstrii01.nmci.usmc.mil
mcusfstrii02.nmci.usmc.mil
mcusfstrii03.nmci.usmc.mil
mcusms02.nmci.usmc.mil
mcusms03.nmci.usmc.mil
mcusquanii01.nmci.usmc.mil
mcusquanii02.nmci.usmc.mil
mcusquanii03.nmci.usmc.mil
mcusquanms.nmci.usmc.mil
mcusquanms01.nmci.usmc.mil
mcusquanms02.nmci.usmc.mil
mcusquanms03.nmci.usmc.mil
mcusquanms04.nmci.usmc.mil
mcusquanws50b.mcdsus.mcds.usmc.mil
mcusquanxf01v.mcdsus.mcds.usmc.mil
mcusquanxf02v.mcdsus.mcds.usmc.mil
mcusquanxf03v.mcdsus.mcds.usmc.mil
mcusquanxf04v.mcdsus.mcds.usmc.mil
mcussdnzii01.nmci.usmc.mil
mcussdnzii02.nmci.usmc.mil
mcussdnzii03.nmci.usmc.mil
mcussdnzms.nmci.usmc.mil
mcussdnzms01.nmci.usmc.mil
mcussdnzms02.nmci.usmc.mil
mcussdnzms03.nmci.usmc.mil
mcussdnzms04.nmci.usmc.mil
mcw.usmc.mil
mcwl.usmc.mil
mcwl-cit2.mcwl.quantico.usmc.mil
mcwl-cit3.mcwl.quantico.usmc.mil
mcwl.quantico.usmc.mil
mdaduk01.albany.usmc.mil
mdaydd01.barstow.usmc.mil
mdbbjm01.bft.usmc.mil
mdbxaw01.mfe.usmc.mil
mddnnh01.cherrypoint.usmc.mil
mdetfb01.lejeune.usmc.mil
mdetfb01.mcnosc.usmc.mil
mdetfb03.mcnosc.usmc.mil
mdetfbkup.lejeune.usmc.mil
mdetzb01.cpp.usmc.mil
mdetzb03.mcnosc.usmc.mil
mdetzb05.cpp.usmc.mil
mdeulr01.mcbbutler.usmc.mil
mdeulr01.mcnosc.usmc.mil
mdeuvb01.mfp.usmc.mil
mdlfrn01.iwz.usmc.mil
mdlybc01.mcnosc.usmc.mil
mdqkja01.miramar.usmc.mil
mdrqma01.mcnosc.usmc.mil
mdscbe01.marforlant.usmc.mil
mdsid251.mcnosc.usmc.mil
mdsid252.mcnosc.usmc.mil
mdsid253.mcnosc.usmc.mil
mdswrm01.mcrdpi.usmc.mil
mdtvyx01.mcnosc.usmc.mil
mdtvyx02.mcnosc.usmc.mil
mdtvyx05.mcnosc.usmc.mil
mdtvyx07.mcnosc.usmc.mil
mdtvyx08.mcnosc.usmc.mil
mdtvyy01.hqi.usmc.mil
mdtvyy01.hqmc.usmc.mil
mdtvyy03.hqmc.usmc.mil
me.usmc.mil
me.21444.usmc.mil
me1444.usmc.mil
me4.usmc.mil
meef-emh.21444.usmc.mil
meemh.21444.usmc.mil
meet.rcen.marines.usmc.mil
meeting-ms1.marinenet.usmc.mil
meeting-ms2.marinenet.usmc.mil
meeting-sp.marinenet.usmc.mil
meeting.marinenet.usmc.mil
mef.usmc.mil
mef-45.usmc.mil
mef-e.usmc.mil
mef-em.usmc.mil
mef-em-emh.21444.usmc.mil
mef-em.21444.usmc.mil
mef-em21444.usmc.mil
mef-emef-emh.21444.usmc.mil
mef-ememh.21444.usmc.mil
mef-emf-emh.21444.usmc.mil
mef-emh.1445.usmc.mil
mef-emh.2.usmc.mil
mef-emh.2.21444.usmc.mil
mef-emh.21.usmc.mil
mef-emh.211444.usmc.mil
mef-emh.214.usmc.mil
mef-emh.214-emh.21444.usmc.mil
mef-emh.2141445.usmc.mil
mef-emh.21421445.usmc.mil
mef-emh.2144-emh.21444.usmc.mil
mef-emh.2144.21444.usmc.mil
mef-emh.21441444.usmc.mil
mef-emh.21444.usmc.mil
mef-emh.21444.444.usmc.mil
mef-emh.21444.h.21444.usmc.mil
mef-emh.21444.u1444.usmc.mil
mef-emh.21444.u4.usmc.mil
mef-emh.21444.uef-emh.21444.usmc.mil
mef-emh.21444.uemh.21444.usmc.mil
mef-emh.21444.uf-emh.21444.usmc.mil
mef-emh.21444.uh.21444.usmc.mil
mef-emh.21444.us.21444.usmc.mil
mef-emh.21444.us21444.usmc.mil
mef-emh.21444.us44.usmc.mil
mef-emh.21444.usemh.21444.usmc.mil
mef-emh.21444.ush.21444.usmc.mil
mef-emh.21444.usm.usmc.mil
mef-emh.21444.usm-emh.21444.usmc.mil
mef-emh.21444.usm.21444.usmc.mil
mef-emh.21444.usm21444.usmc.mil
mef-emh.21444.usm4.usmc.mil
mef-emh.21444.usm444.usmc.mil
mef-emh.21444.usmc.ef-emh.21444.usmc.mil
mef-emh.21444.usmc.emh.21444.usmc.mil
mef-emh.21444.usmc.h.21444.usmc.mil
mef-emh.21444.usmc.m44.usmc.mil
mef-emh.21444.usmc.mf-emh.21444.usmc.mil
mef-emh.21444.usmc.mi.usmc.mil
mef-emh.21444.usmc.mi-emh.21444.usmc.mil
mef-emh.21444.usmc.mi1444.usmc.mil
mef-emh.21444.usmc.mi4.usmc.mil
mef-emh.21444.usmc.mi44.usmc.mil
mef-emh.21444.usmc.mief-emh.21444.usmc.mil
mef-emh.21444.usmc.miemh.21444.usmc.mil
mef-emh.21444.usmc.mil44.usmc.mil
mef-emh.21444.usmc.mil444.usmc.mil
mef-emh.21444.usmc.milh.21444.usmc.mil
mef-emh.21444.usmc.mimh.21444.usmc.mil
mef-emh.21444.usmc.mmef-emh.21444.usmc.mil
mef-emh.21444.usmc1444.usmc.mil
mef-emh.21444.usmc44.usmc.mil
mef-emh.21444.usmc444.usmc.mil
mef-emh.21444.usmcf-emh.21444.usmc.mil
mef-emh.21444.usmch.21444.usmc.mil
mef-emh.21444.usmcmef-emh.21444.usmc.mil
mef-emh.21444.usmcmh.21444.usmc.mil
mef-emh.21444.usmef-emh.21444.usmc.mil
mef-emh.2144421444.usmc.mil
mef-emh.214444.usmc.mil
mef-emh.2144444.usmc.mil
mef-emh.21444f-emh.21444.usmc.mil
mef-emh.21444mef-emh.21444.usmc.mil
mef-emh.21445.usmc.mil
mef-emh.21445.mef-emh.21444.usmc.mil
mef-emh.21445.u.21444.usmc.mil
mef-emh.21445.u45.usmc.mil
mef-emh.21445.uf-emh.21444.usmc.mil
mef-emh.21445.us445.usmc.mil
mef-emh.21445.usm.usmc.mil
mef-emh.21445.usm444.usmc.mil
mef-emh.21445.usm5.usmc.mil
mef-emh.21445.usmc.usmc.mil
mef-emh.21445.usmc.4.usmc.mil
mef-emh.21445.usmc.ef-emh.21445.usmc.mil
mef-emh.21445.usmc.mh.21444.usmc.mil
mef-emh.21445.usmc.mi-emh.21445.usmc.mil
mef-emh.21445.usmc.mi45.usmc.mil
mef-emh.21445.usmc.mief-emh.21445.usmc.mil
mef-emh.21445.usmc.miemh.21444.usmc.mil
mef-emh.21445.usmc.mil.usmc.mil
mef-emh.21445.usmc.mil445.usmc.mil
mef-emh.21445.usmc1445.usmc.mil
mef-emh.2144545.usmc.mil
mef-emh.2144emh.21444.usmc.mil
mef-emh.2144mef-emh.21444.usmc.mil
mef-emh.214mef-emh.21445.usmc.mil
mef-emh.21f-emh.21445.usmc.mil
mef-emh.21mef-emh.21444.usmc.mil
mef-emh.221444.usmc.mil
mef-emh.2ef-emh.21444.usmc.mil
mef-emh.2ef-emh.21445.usmc.mil
mef-emh.2h.21444.usmc.mil
mef-emh.444.usmc.mil
mef-emh.emh.21444.usmc.mil
mef-emh.mef-emh.21444.usmc.mil
mef-emh.mh.21445.usmc.mil
mef-emh21444.usmc.mil
mef-emh4.usmc.mil
mef-emh444.usmc.mil
mef-emh445.usmc.mil
mef-emhef-emh.21444.usmc.mil
mef-emhef-emh.21445.usmc.mil
mef-emhemh.21445.usmc.mil
mef-emhmh.21444.usmc.mil
mef-mh.21444.usmc.mil
mef-mh.21445.usmc.mil
mef.21444.usmc.mil
mef1445.usmc.mil
meff-emh.21445.usmc.mil
mefmef-emh.21444.usmc.mil
mefmh.21444.usmc.mil
mefmh.21445.usmc.mil
meh.21444.usmc.mil
memh.21444.usmc.mil
memh.21445.usmc.mil
menai196252.pet.disa.mil21415250.usmc.mil
merit.logcom.usmc.mil
meritbeta.logcom.usmc.mil
merittest.logcom.usmc.mil
mesa-146-121.mhsi.ost21415151.usmc.mil
mesa-146-33.mhsi.med.osst2141574.usmc.mil
mesa-148-242.mhsi.med.osd.milhost21415177.usmc.mil
mesa-150-16.mhsi.med.osdhost21415172.usmc.mil
mesa-150-229.usmc.mil
mesa-159-144.mhs415179.usmc.mil
mesa-160-250.mhsi.med.osd.mi183.usmc.mil
mesa-ost21415176.usmc.mil
metoc.miramar.usmc.mil
mfe.usmc.mil
mfenipr01a.mfe.usmc.mil
mfenipr01c.mfe.usmc.mil
mfenipr01e.mfe.usmc.mil
mfesc1.mfe.usmc.mil
mfn.usmc.mil
mfp.usmc.mil
mfpportal.mfp.usmc.mil
mfpportal2.mfp.usmc.mil
mfpsc1.mfp.usmc.mil
mfpweb.mfp.usmc.mil
mfr.usmc.mil
mfrapp001.marforres.usmc.mil
mfrapp001mysite.marforres.usmc.mil
mfrapp001portal.marforres.usmc.mil
mfrapp001sharedservices.marforres.usmc.mil
mfrapp002.marforres.usmc.mil
mfrapp002mysite.marforres.usmc.mil
mfrapp002portal.marforres.usmc.mil
mfrapp002sharedservices.marforres.usmc.mil
mfrapp101.marforres.usmc.mil
mfrapp101mysite.marforres.usmc.mil
mfrapp101portal.marforres.usmc.mil
mfrapp101sharedservices.marforres.usmc.mil
mfrapp102.marforres.usmc.mil
mfrapp102mysite.marforres.usmc.mil
mfrapp102portal.marforres.usmc.mil
mfrapp102sharedservices.marforres.usmc.mil
mfrclnceg01.marforres.usmc.mil
mfrmissac01.mfr.usmc.mil
mfrmysites.usmc.mil
mfrmysites.mcdsus.mcds.usmc.mil
mfrn01.mfr.usmc.mil
mfrn08.mfr.usmc.mil
mfrnolaeg01.marforres.usmc.mil
mfrrtr1.mfr.usmc.mil
mfrsc1-16.mfr.usmc.mil
mfrsc1.mfr.usmc.mil
mfrsharepoint.usmc.mil
mfrsharepoint.mcdsus.mcds.usmc.mil
mfrsitesrv.mfr.usmc.mil
mfrsql001.marforres.usmc.mil
mfrsql002.marforres.usmc.mil
mfrsql003.marforres.usmc.mil
mfrsql101.marforres.usmc.mil
mfrsql102.marforres.usmc.mil
mfrsql103.marforres.usmc.mil
mfrsul.mfr.usmc.mil
mfrweb001.marforres.usmc.mil
mfrweb001mysite.marforres.usmc.mil
mfrweb001portal.marforres.usmc.mil
mfrweb001serviceportal.marforres.usmc.mil
mfrweb001sharedservices.marforres.usmc.mil
mfrweb002.marforres.usmc.mil
mfrweb002mysite.marforres.usmc.mil
mfrweb002portal.marforres.usmc.mil
mfrweb002serviceportal.marforres.usmc.mil
mfrweb002sharedservices.marforres.usmc.mil
mfrweb101.marforres.usmc.mil
mfrweb101mysite.marforres.usmc.mil
mfrweb101portal.marforres.usmc.mil
mfrweb101serviceportal.marforres.usmc.mil
mfrweb101sharedservices.marforres.usmc.mil
mfrweb102.marforres.usmc.mil
mfrweb102mysite.marforres.usmc.mil
mfrweb102portal.marforres.usmc.mil
mfrweb102serviceportal.marforres.usmc.mil
mfrweb102sharedservices.marforres.usmc.mil
mfrwebapps.usmc.mil
mfrwebapps.mcdsus.mcds.usmc.mil
mfrworkflowmanager.usmc.mil
mfrworkflowmanager.mcdsus.mcds.usmc.mil
mfs.usmc.mil
mh.21444.usmc.mil
mhost21415145.usmc.mil
mhs.21445.usmc.mil
mhsi-14-51.mhsi.med.os.usmc.mil
mhsi-165-245.mhs415183.usmc.mil
mhsi-166-167.m.usmc.mil
mhsi-169-8.most21415136.usmc.mil
mhsi-216-59.mh15163.usmc.mil
mhsi-246-41.mhsi.med.os415171.usmc.mil
mhsi-247-224.usmc.mil
mhsi-252-55.mhsi.med.ot2141574.usmc.mil
mhsi-254-87.mhsi.415140.usmc.mil
mhsi-29-9.mhsi.med.osd.mil1574.usmc.mil
mhsi-35-52.mhsi.med.ost21415146.usmc.mil
mhsi-350.usmc.mil
mhsi-43-160.mhsi.medost21415152.usmc.mil
mhsi-45-50.mhsi.5164.usmc.mil
mhsi-47.usmc.mil
mhsi-47-237-116.mhsi.me45.usmc.mil
mhsi-47-237-64.mhsi.med.osd.mimef-emh.21445.usmc.mil
mhsi-49-1ost21415143.usmc.mil
mhsi-49-246.mhsi.med.osd.mil15156.usmc.mil
mhsi-50-37.mh.usmc.mil
mhsi415157.usmc.mil
mhsost21415167.usmc.mil
middsknfg.cpp.usmc.mil
miramar.usmc.mil
mitnoc01t.noc.usmc.mil
mitnociws.noc.usmc.mil
mitweb.manpower.usmc.mil
mleuvb01.mfp.usmc.mil
mltvyx01.noc.usmc.mil
mltvyx03.noc.usmc.mil
mltvyx04.noc.usmc.mil
mltvyx05.noc.usmc.mil
mltvyx07.noc.usmc.mil
mltvyx08.noc.usmc.mil
mltvyx09.noc.usmc.mil
mmas.usmc.mil
mmasbeta.usmc.mil
mmastraining.usmc.mil
mmeuvb01.mfp.usmc.mil
mmsb.usmc.mil
mmsbcvic.mmsb.usmc.mil
mobcom.mfr.usmc.mil
mol.usmc.mil
mol.tfs.usmc.mil
molsat2.tfs.usmc.mil
molsch1.tfs.usmc.mil
molspare1.mol.usmc.mil
mpaduk01.albany.usmc.mil
mpetzb01.cpp.usmc.mil
mpetzb02.cpp.usmc.mil
mpetzb03.cpp.usmc.mil
mpetzb04.cpp.usmc.mil
mpetzb05.cpp.usmc.mil
mpetzb06.cpp.usmc.mil
mpetzb07.cpp.usmc.mil
mpetzb08.cpp.usmc.mil
mptvyy01.hqmc.usmc.mil
mqg1wnd.mcsc.usmc.mil
mqg1wss.mcsc.usmc.mil
mqgcdc021ln.quantico.usmc.mil
mqghub01ln.quantico.usmc.mil
mqgmccta01ln.quantico.usmc.mil
mqgmcu02.quantico.usmc.mil
mqgmstp03.mstp.quantico.usmc.mil
mqgsc1-48.quantico.usmc.mil
mqgsc1-64.quantico.usmc.mil
mqgsyscom001ln.marcorsyscom.usmc.mil
mqgsyscom001ln.quantico.usmc.mil
mqgsyscom005ln.marcorsyscom.usmc.mil
mqgvault3.usmc.mil
mra-tfdwapp4.manpower.usmc.mil
mra.mol.usmc.mil
mris.cpp.usmc.mil
mrows.mol.usmc.mil
msaydd01.barstow.usmc.mil
msaydd02.barstow.usmc.mil
msbbjm01.bft.usmc.mil
msbbjm02.bft.usmc.mil
msbxaw01.mfe.usmc.mil
msbxaw02.mfe.usmc.mil
msdnnh01.cherrypoint.usmc.mil
msdnnh02.cherrypoint.usmc.mil
msetfb01.lejeune.usmc.mil
msetfb02.lejeune.usmc.mil
mseulr01.mcbbutler.usmc.mil
mseulr02.mcbbutler.usmc.mil
mseuvb01.mfp.usmc.mil
mseuvb02.mfp.usmc.mil
msgbn.usmc.mil
msharp.usmc.mil
msharp.mceits.usmc.mil
msharpstaging.mceits.usmc.mil
mslfrn01.iwz.usmc.mil
msljqa01.yuma.usmc.mil
msljqa02.yuma.usmc.mil
mslybc01.mcbh.usmc.mil
mslybc02.mcbh.usmc.mil
msq12603e.mfpmsq126.usmc.mil
msqkja01.miramar.usmc.mil
msqkja02.miramar.usmc.mil
msrqma01.mfr.usmc.mil
msrqma02.mfr.usmc.mil
msscbe01.marforlant.usmc.mil
msscbe02.marforlant.usmc.mil
msswrm01.mcrdpi.usmc.mil
msswrm02.mcrdpi.usmc.mil
mstp.quantico.usmc.mil
mstp06.mstp.quantico.usmc.mil
mstvyx03.noc.usmc.mil
mstvyx04.noc.usmc.mil
msxkza01.29palms.usmc.mil
msxkza02.29palms.usmc.mil
mwtc01e.mwtc.usmc.mil
mwtcrtr1.mwtc.usmc.mil
mwtcsc1.mwtc.usmc.mil
mx1.nmci.usmc.mil
mx2.nmci.usmc.mil
mx3.nmci.usmc.mil
mx4.nmci.usmc.mil
mx5.nmci.usmc.mil
mx6.nmci.usmc.mil
mx7.nmci.usmc.mil
mx8.nmci.usmc.mil
myehqmc.usmc.mil
myehqmc.hqi.usmc.mil
myehqmcstage.usmc.mil
mymos.tbs.usmc.mil
mysite.iiimef.usmc.mil
mysite.logcom.usmc.mil
mysites.eis.usmc.mil
mysites.iiimef.usmc.mil
mysites.ips.usmc.mil
mysites.mcieast.usmc.mil
mysites.mcipac.usmc.mil
mysites.tecom.usmc.mil
mysites.zonea.mceits.usmc.mil
mysites1.mcieast.usmc.mil
mysmion.ps.usmc.mil
mytvyx04.dms.ad.usmc.mil
nars.mcsc.usmc.mil
navigator.audit.usmc.mil
navmed-105110.usmc.mil
navmed-188-t205109.usmc.mil
navmed-189-147.host205110.usmc.mil
navmed-189-2555110.usmc.mil
ncd3.uu110.usmc.mil
nch10101.hqi.usmc.mil
nch10102.hqi.usmc.mil
nch10104.hqi.usmc.mil
nch10699.hqi.usmc.mil
nch10699vn.hqi.usmc.mil
nch10906vn.hqi.usmc.mil
nch10920vn.hqi.usmc.mil
nch20101.hqi.usmc.mil
nch20104.hqi.usmc.mil
nch20699.hqi.usmc.mil
nch20998.hqi.usmc.mil
ncl013.ncl.ad.usmc.mil
ncl014.ncl.ad.usmc.mil
ncn19802.mcw.ad.usmc.mil
ncn19803.mcw.ad.usmc.mil
nepapams.usmc.mil
netmail.1fssg.usmc.mil
netsec.noc.usmc.mil
netstatus.mcieast.usmc.mil
netstatus1.mcieast.usmc.mil
newriver.usmc.mil
newriver.mcieast.usmc.mil
newriver1.mcieast.usmc.mil
nhch-129-150.med.navy.mil5110.usmc.mil
nhcl-245-117.med.navy.most205109.usmc.mil
nhcl-245-62.med.nst205109.usmc.mil
nhcq118-1.usmc.mil
nhcq118-145.med.navy.mi5110.usmc.mil
nhcq118-18.med.navy.milost205110.usmc.mil
nhcq119-18.med.navy.05110.usmc.mil
nhgl-10-205110.usmc.mil
nhgl-22-70.usmc.mil
nhoki-137-177.med.110.usmc.mil
nhoki-137-188.med.nav205110.usmc.mil
nhsig-52-t205109.usmc.mil
nhst205110.usmc.mil
nmci.usmc.mil
nmci.marforlant.usmc.mil
nmciinfo.usmc.mil
nmciquanns01.nmci.usmc.mil
nmciquanns02.nmci.usmc.mil
nmcisdnzns01.nmci.usmc.mil
nmcisdnzns02.nmci.usmc.mil
nmrc09cspmvs000.mcrissiid.mmps.mcrc.cspm.marines.usmc.mil
nnmt205109.usmc.mil
noc.usmc.mil
nocforum.noc.usmc.mil
nola0510.mfr.usmc.mil
nola0511.mfr.usmc.mil
nola0512.mfr.usmc.mil
nola0919.mcdsus.mcds.usmc.mil
nomad-fdes-15meuharpers-ferry.harpers-ferry.usmc.mil
nomadapi-fdes-15meuharpers-ferry.harpers-ferry.usmc.mil
ns-east.dns.usmc.mil
ns-west.dns.usmc.mil
ns1326.ztomy.com5110.usmc.mil
nst205110.usmc.mil
o365.usmc.mil
o365.dns.usmc.mil
oa.usmc.mil
oa-ptgz.usmc.mil
oa.eu.usmc.mil
oa.jp.usmc.mil
oa.us.usmc.mil
obm.mcdsus.mcds.usmc.mil
ocsp.usmc.mil
odsf.mcw.usmc.mil
odsfbi.mcw.usmc.mil
odsfbisat.mcw.usmc.mil
odsfsat.mcw.usmc.mil
office.iiimef.usmc.mil
office.mcipac.usmc.mil
officewebapp.eis.usmc.mil
officewebapp.eis.zonea.mceits.usmc.mil
ogwayreg.logcom.usmc.mil
olacms.hqi.usmc.mil
origin-stage1.marinenet.usmc.mil
origin-www.geofidelis.usmc.mil
origin-www.geofidelis-staging.usmc.mil
origin-www.marinenet.usmc.mil
orion01.mcnosc.usmc.mil
osprey.manpower.usmc.mil
ost205109.usmc.mil
otis.newriver.usmc.mil
ovnipr01.mcnosc.usmc.mil
owa.usmc.mil
owa.2mawnr.usmc.mil
owa.3mef.usmc.mil
owa.dns.usmc.mil
owa.marcent.usmc.mil
owa.mcw.usmc.mil
owa.mfp.usmc.mil
owaisa.marcent.usmc.mil
p109.usmc.mil
paraderes.hqi.usmc.mil
pc1-119.sa.09.usmc.mil
pc1-137.le.wayne.k12.5109.usmc.mil
pc1-191.gost205109.usmc.mil
pc1-201.sce.ns9.usmc.mil
pc1-220.usmc.mil
pc1-244.wm.wayne.k12.05109.usmc.mil
pc1-251.wst205110.usmc.mil
pc1-252.n205109.usmc.mil
pc1-66.gvm.ssanpst205110.usmc.mil
pc1-9.me.nsanpetst205109.usmc.mil
pc2-124.gvh.ssanpete.k12.5109.usmc.mil
pc2-234.mh.ssanpete.usmc.mil
pc2-37.wh.wayne.k12.ut.us.usmc.mil
pc3-118.gvh.sshost205109.usmc.mil
pc3-20st205110.usmc.mil
pc3-223.mh.109.usmc.mil
pc3-48.mh.ssanpete205109.usmc.mil
pc3-58.gvh.ssan109.usmc.mil
pco05109.usmc.mil
pcola-12-239.m110.usmc.mil
pcola-32-36.med.nav09.usmc.mil
pcola-35-84.med.navyst205109.usmc.mil
pcola-36-96.med.5109.usmc.mil
pcola-3t205109.usmc.mil
pe.geofiwest.usmc.mil
pendleton.usmc.mil
pendleton.amhs.usmc.mil
pikrtr1.mcrdpi.usmc.mil
piksc1.mcrdpi.usmc.mil
pki1.mcnosc.usmc.mil
pmrt.mfp.usmc.mil
pmrt2.mfp.usmc.mil
portal.31meu.3mef.usmc.mil
portal.31meu.iiimef.usmc.mil
portal.3meb.iiimef.usmc.mil
portal.3mef.usmc.mil
portal.ace.3mef.usmc.mil
portal.ace.iiimef.usmc.mil
portal.gce.3mef.usmc.mil
portal.gce.iiimef.usmc.mil
portal.iiimef.usmc.mil
portal.lce.3mef.usmc.mil
portal.lce.iiimef.usmc.mil
portal.logcom.usmc.mil
portal.marcent.usmc.mil
portal.marforres.usmc.mil
portal.marinenet.usmc.mil
portal.marines.usmc.mil
portal.mce.3mef.usmc.mil
portal.mce.iiimef.usmc.mil
portal.mceits.usmc.mil
portal.mcia.usmc.mil
portal.mcnosc.usmc.mil
portal.mfp.usmc.mil
portalt.logcom.usmc.mil
ppicss.hqi.usmc.mil
pr.hqi.usmc.mil
prmgmt.hqi.usmc.mil
prod-usmcmax.usmc.mil
prod-www.geofidelis.usmc.mil
project.eis.usmc.mil
project.eis.zonea.mceits.usmc.mil
psp.marcent.usmc.mil
ptdata.mceits.usmc.mil
ptdatastage.mceits.usmc.mil
pubs.ala.usmc.mil
pubs.logcom.usmc.mil
pun10142.bic.usmc.mil
pun10154.mcbbutler.usmc.mil
pun10162.lejeune.usmc.mil
pun10180.cpp.usmc.mil
pun10362.quantico.usmc.mil
pvcs.manpower.usmc.mil
quan87ug.mcdsus.mcds.usmc.mil
quantico.usmc.mil
quickplace.marcorsyscom.usmc.mil
r1-disa-hnla-v158.reverse445.usmc.mil
r10-disa-okca-v392.remef-emh.21445.usmc.mil
r10-disa45.usmc.mil
r110-disa-fmea-v301.reverse.akamai.csd.dis444.usmc.mil
r110-disa-fmea-v378.re44.usmc.mil
r110-disa-fmea-v572.reverse.akamai.csd.di4.usmc.mil
r110-disa-fmea-v578.reverse.ak-emh.21444.usmc.mil
r110-disa-fmea-v81.reverse.akamai.csd.disaemh.21444.usmc.mil
r110-f-emh.21444.usmc.mil
r114-disa-napa-v142.reverseh.21445.usmc.mil
r114-disa-napa-v30.reverse.akamai.csdf-emh.21445.usmc.mil
r136-disa-stla-v468.reverse.aef-emh.21445.usmc.mil
r136-disf-emh.21445.usmc.mil
r138-disa-resb-h182.akamai.c8.usmc.mil
r161-disa-okcp-v107.h.21445.usmc.mil
r161-disa-okcp-v486.reverse.akamai.csd.dismef-emh.21445.usmc.mil
r161-disa-okcp-v502.rever1445.usmc.mil
r161-disa-okcp-v613.reverse.a.21445.usmc.mil
r161-disa-okcph.21445.usmc.mil
r186-disa-ogd2a-v1338.reverse.akamai.csd.disa.h.21445.usmc.mil
r186-disa-ogd2a-v1381.reverse.akamai.csd.dis21445.usmc.mil
r196-disa-col2b-v1261.revers445.usmc.mil
r196-disa-col2f-emh.21445.usmc.mil
r198-disa-sat2b-v-emh.21445.usmc.mil
r198-disa-sat2b-v1268.reverse.akamai.emh.21445.usmc.mil
r198-disa-sat2b-v1375.usmc.mil
r198-ef-emh.21445.usmc.mil
r1emh.21445.usmc.mil
r24-disa-mt1445.usmc.mil
r24-disa-mtga-v637.reverse.akamai.csd.disef-emh.21445.usmc.mil
r24-disa-mtga-v735.reverse.akamai.csd.dis.usmc.mil
r25-disa-ogda-emh.21445.usmc.mil
r25-disa-ogda-v107.reveref-emh.21445.usmc.mil
r25-disa-ogda-v37.revers.21445.usmc.mil
r25-disa-ogda-v460.reve1445.usmc.mil
r25-disa-ogda-v659.reverse.akamai.csd.disa.mi445.usmc.mil
r25-disa-ogda-v662.reverseemh.21445.usmc.mil
r25ef-emh.21445.usmc.mil
r26-disa-mec3h-v540.reverse.akamai.cs-emh.21445.usmc.mil
r26-disa-mec3h-v574.reverse.ak21445.usmc.mil
r26-disa-mec3h-v62.reverse.akamai.csd21445.usmc.mil
r26-disa-mec3h-v661.reverse.akama-emh.21445.usmc.mil
r26-disa-mec3h-v716.reverse.akama-emh.21445.usmc.mil
r26-disa-mec3h45.usmc.mil
r27-disa-pnta-v218.reverse.akamaemh.21445.usmc.mil
r29-disa-baga-v12.ef-emh.21445.usmc.mil
r29-disa-baga-v463.reverse.aka445.usmc.mil
r29-disa-bamef-emh.21445.usmc.mil
r31445.usmc.mil
r36-disa-ba.usmc.mil
r36-disa-baha-emh.21445.usmc.mil
r36-disa-baha-v404.reverse.akamai.csd.disef-emh.21445.usmc.mil
r36-disa-baha-v442.reverse.f-emh.21445.usmc.mil
r36-disa-baha-v617.reverse.akamaimh.21445.usmc.mil
r36-disa-baha-v665.usmc.mil
r37-disa-imef-emh.21445.usmc.mil
r37-disa-iuda-v217.reverse.akmh.21445.usmc.mil
r37-disa-iuda-v505.reverse.aemh.21445.usmc.mil
r37-disa45.usmc.mil
r37-dmh.21445.usmc.mil
r38-d445.usmc.mil
r38-disa-a.21444.usmc.mil
r38-disa-adha-v357.reverse.akamai.csd.d.21445.usmc.mil
r38-disa-adha-v454.reverse.akamaimef-emh.21445.usmc.mil
r38-disa-adha-v565.reverse.akamai.csd.1444.usmc.mil
r38-disa-adha-v85.emh.21445.usmc.mil
r38-disa-adhaemh.21445.usmc.mil
r43-dimef-emh.21445.usmc.mil
r43-disa-colv-v145-emh.21445.usmc.mil
r43-disa-colv-v321.reverse.ak445.usmc.mil
r43-disa-colv-v491.re45.usmc.mil
r43-disa-colv-v596.21445.usmc.mil
r43-disa-colvh.21445.usmc.mil
r44-disa-icmef-emh.21444.usmc.mil
r44-disa-icna-v12.reverse.akama1444.usmc.mil
r44-disa-icna-v202.reverse.akamai.csd.dismef-emh.21444.usmc.mil
r44-disa-icna-v93.reverse.akamai.csd.di1444.usmc.mil
r44-disa-icnemh.21444.usmc.mil
r46-disa-okaa-v422.reverse.akamai.csdmef-emh.21444.usmc.mil
r46-disa-okaa-v551.reverse44.usmc.mil
r5-disa-sata-v427.reverse.akamai.c5.usmc.mil
r50-disa-.usmc.mil
r50-disa-daaa-v256.reverse.akamai.csf-emh.21444.usmc.mil
r50-disa-daaa-v483.reverse.akamai.csd.disa.milemh.21444.usmc.mil
r50-disa-daaa-v724.reverse.akamai.csd.d-emh.21444.usmc.mil
r5021444.usmc.mil
r51-disa-21444.usmc.mil
r51-disa-sana-h13.reve21444.usmc.mil
r51-disa-sana-v704.usmc.mil
r51-disa-sana-v821444.usmc.mil
r52-disa-bkfa-v514.reverse.akamai.csd.disa.m1445.usmc.mil
r52-disa-bkfa-v525.rmef-emh.21445.usmc.mil
r52-disa-bkfa-v61.reverse.akef-emh.21444.usmc.mil
r52-disa-bkfaef-emh.21444.usmc.mil
r52-disa-bkfaemh.21444.usmc.mil
r53-df-emh.21444.usmc.mil
r53-disa-orfa-h12.revef-emh.21444.usmc.mil
r53-disa-orfa-mh.21445.usmc.mil
r57-disa-offa-v705.reverse.akamai.csd5.usmc.mil
r58-disa-okf-emh.21445.usmc.mil
r58-disa-okoa-21445.usmc.mil
r58-disa-okoa-v475.reve1445.usmc.mil
r58-disa-okoa-v48121444.usmc.mil
r58-disa-okoa-v728.r21444.usmc.mil
rashawaii.nmci.usmc.mil
rasjapan.nmci.usmc.mil
rasnorfolk.nmci.usmc.mil
rassandiego.nmci.usmc.mil
razr.usmc.mil
rcaps1.iwz.usmc.mil
rcaps2.iwz.usmc.mil
rcen.marines.usmc.mil
rco.mcbbutler.usmc.mil
rdol.mol.usmc.mil
registry.mceits.usmc.mil
relayfstr.mcdsus.mcds.usmc.mil
relaypndl.mcdsus.mcds.usmc.mil
relayquan.mcdsus.mcds.usmc.mil
remedy.mcnosc.usmc.mil
remedy.mctssa.usmc.mil
restricted.mcu.usmc.mil
rgartr1.rga.usmc.mil
rgasc1.rga.usmc.mil
rnet.mfr.usmc.mil
roarke.cpp.usmc.mil
rows.mfr.usmc.mil
rrms.noc.usmc.mil
rs.mceits.usmc.mil
rs32ws2505109.usmc.mil
rs35ws164.internal.pc.usmc.mil
rs35ws224.interna205109.usmc.mil
rs38ws236.internal.pcshost205109.usmc.mil
rs39ws100.internal.pcshs.comt205109.usmc.mil
rs3st205109.usmc.mil
rs40ws103.interna05109.usmc.mil
rs40ws211.int109.usmc.mil
rs40ws6.intost205109.usmc.mil
rs40ws89.usmc.mil
rs41ws101.intern205109.usmc.mil
rs43ws132.internal.pcshhost205109.usmc.mil
rs45ws197.internal.pcshs.usmc.mil
rs47ws1ost205109.usmc.mil
rs48ws108.inte205109.usmc.mil
rs49.usmc.mil
rs4ws200.inter09.usmc.mil
rsstage.mceits.usmc.mil
rtam.tecom.usmc.mil
rtam2.tecom.usmc.mil
rtamms.mceits.usmc.mil
rtammscognos.mceits.usmc.mil
rtammstraining.mceits.usmc.mil
s.21445.usmc.mil
s1amp.marinenet.usmc.mil
s1assessment.marinenet.usmc.mil
s1cc.marinenet.usmc.mil
s1communities.marinenet.usmc.mil
s1elearning.marinenet.usmc.mil
s1lrs.marinenet.usmc.mil
s1manage.marinenet.usmc.mil
s1meeting.marinenet.usmc.mil
s1portal.marinenet.usmc.mil
s2amp.marinenet.usmc.mil
s2assessment.marinenet.usmc.mil
s2cc.marinenet.usmc.mil
s2chat.marinenet.usmc.mil
s2communities.marinenet.usmc.mil
s2elearning.marinenet.usmc.mil
s2lrs.marinenet.usmc.mil
s2manage.marinenet.usmc.mil
s2meeting.marinenet.usmc.mil
s2portal.marinenet.usmc.mil
s3amp.marinenet.usmc.mil
s3assessment.marinenet.usmc.mil
s3cc.marinenet.usmc.mil
s3communities.marinenet.usmc.mil
s3elearning.marinenet.usmc.mil
s3lrs.marinenet.usmc.mil
s3manage.marinenet.usmc.mil
s3portal.marinenet.usmc.mil
s52.usmc.mil
saar.usmc.mil
saird.manpower.usmc.mil
sams.mceits.usmc.mil
sat.mcnosc.usmc.mil
sat1.mol.usmc.mil
sat2.mol.usmc.mil
satmrows.mol.usmc.mil
scetc.tecom.usmc.mil
sch.audit.usmc.mil
schost21452.usmc.mil
scost21452.usmc.mil
sct010.104.scott.dimef-emh.21445.usmc.mil
sct015.227.scott.d1452.usmc.mil
sct017.174.s-emh.21445.usmc.mil
sct019.1h.21445.usmc.mil
sct019.94.scott.st21452.usmc.mil
sct027.121445.usmc.mil
sct034.109.sco21452.usmc.mil
sct036.37.scott.usmc.mil
sct037.90.scott.2.usmc.mil
sct038.115.sco21452.usmc.mil
sct038.77.2.usmc.mil
sct039.44.scott.disa52.usmc.mil
sct039.52.usmc.mil
sct041.1282.usmc.mil
sct043.23.usmc.mil
sct044.207.s2.usmc.mil
sct044.97.scott.disa21452.usmc.mil
sct046.11.21452.usmc.mil
sct048.165.scott.disaost21452.usmc.mil
sdo.usmc.mil
sdortr1.sdo.usmc.mil
sdosc1.sdo.usmc.mil
search.mceits.usmc.mil
searchusmc.usmc.mil
secure.tecom.usmc.mil
securet.tecom.usmc.mil
selms.manpower.usmc.mil
services.mceits.usmc.mil
sftp.logcom.usmc.mil
shac.rcen.marines.usmc.mil
sharepoint.marforres.usmc.mil
sharepoint.mcbbutler.usmc.mil
sharepoint.mcipac.usmc.mil
shredder71.usmc.mil
shredder75.usmc.mil
sidekick.usmc.mil
sja.hqmc.usmc.mil
slsp.manpower.usmc.mil
smallwars.mcwl.usmc.mil
smallwars.quantico.usmc.mil
smartcard.mcbh.usmc.mil
smarts.lejeune.usmc.mil
smmp.hqi.usmc.mil
sms.mcsc.usmc.mil
soa.mceits.usmc.mil
solarwinds.mfp.usmc.mil
sonny.yuma.usmc.mil
sp.logcom.usmc.mil
sp.marcent.usmc.mil
sp.mccll.usmc.mil
spa.hqi.usmc.mil
srvnet.mfe.usmc.mil
ssl.fuji.usmc.mil
sslgcssmc.usmc.mil
sslhawaii.usmc.mil
sslhawaii.nmci.usmc.mil
ssljapan.usmc.mil
ssljapan.nmci.usmc.mil
sslkansascity.usmc.mil
sslpendleton.usmc.mil
sslquantico.usmc.mil
sslquantico.nmci.usmc.mil
sslsandiego.usmc.mil
sslsandiego.nmci.usmc.mil
sso.mceits.usmc.mil
sso.mol.usmc.mil
sso.tfs.usmc.mil
ssosat1.mol.usmc.mil
ssosat2.mol.usmc.mil
ssosat2.tfs.usmc.mil
ssotrng.mol.usmc.mil
st205109.usmc.mil
stage1.marinenet.usmc.mil
stage1lmshelp.marinenet.usmc.mil
stage2.marinenet.usmc.mil
stage2lmshelp.marinenet.usmc.mil
stage3.marinenet.usmc.mil
stage4.marinenet.usmc.mil
stg.hotline.usmc.mil
streamsets.audit.usmc.mil
sts.usmc.mil
support.mobcom.mfr.usmc.mil
surveys.mccll.usmc.mil
sync-fdes-15meuharpers-ferry.harpers-ferry.usmc.mil
t205109.usmc.mil
tcpt.22meufwd.usmc.mil
tcpt1.usmc.mil
tcws.ips.usmc.mil
technet.29palms.usmc.mil
techpubs.usmc.mil
tecom.usmc.mil
tediv01ce.quantico.usmc.mil
tellus.accelerator.mccr.usmc.mil
test-wssct.usmc.mil
test.apps.mcboss.usmc.mil
tfas.mol.usmc.mil
tfascrn.mol.usmc.mil
tfascrnsat.mol.usmc.mil
tfascrnsat1.mol.usmc.mil
tfascrntrng.mol.usmc.mil
tfdw-test.mceits.usmc.mil
tfdw-web.manpower.usmc.mil
tfdw-web.mceits.usmc.mil
tfrs-mcmeds.manpower.usmc.mil
tfrs.beta.manpower.usmc.mil
tfrs.manpower.usmc.mil
tfrs.mceits.usmc.mil
tfrs.training.manpower.usmc.mil
tfrsbeta.mceits.usmc.mil
tfrstraining.manpower.usmc.mil
tfrstraining.mceits.usmc.mil
tfsbi.tfs.usmc.mil
tfsms-accessgate.mccdc.usmc.mil
tfsms-accessgate.mceits.usmc.mil
tfsms-apex.mccdc.usmc.mil
tfsms-apex.mceits.usmc.mil
tfsms-app1.mccdc.usmc.mil
tfsms-app1.mceits.usmc.mil
tfsms-cas.mccdc.usmc.mil
tfsms-cognos.mccdc.usmc.mil
tfsms-cognos.mceits.usmc.mil
tfsms-f5s.mccdc.usmc.mil
tfsms-gsa.mccdc.usmc.mil
tfsms-mccdc.usmc.mil
tfsms-oam.mccdc.usmc.mil
tfsms-oam.mceits.usmc.mil
tfsms-oms.mccdc.usmc.mil
tfsms-ppsp1.mccdc.usmc.mil
tfsms-rndb1.mccdc.usmc.mil
tfsms-rnp1.mccdc.usmc.mil
tfsms-rnp2.mccdc.usmc.mil
tfsms-sso.mccdc.usmc.mil
tfsms-transp1.mccdc.usmc.mil
tfsms-webp1.mccdc.usmc.mil
tfsms-webp2.mccdc.usmc.mil
tfsms.mccdc.usmc.mil
tfsms.mceits.usmc.mil
tfsmsdb.mccdc.usmc.mil
tfsmstst.mccdc.usmc.mil
tiger.ca.10.usmc.mil
tims-beta-web-1.timsapp.tecom.usmc.mil
tims.tecom.usmc.mil
timsapp.tecom.usmc.mil
timsapp2.tecom.usmc.mil
tm8.hqi.usmc.mil
tmde.logcom.usmc.mil
tnslp.lce.3mef.usmc.mil
tnsp.lce.3mef.usmc.mil
tripoli.manpower.usmc.mil
trmms.tecom.usmc.mil
trng.mol.usmc.mil
trngmrows.mol.usmc.mil
trrms.tecom.usmc.mil
tso.usmc.mil
tsosp.usmc.mil
u05109.usmc.mil
uat-builder.usmc.mil
ucm.mceits.usmc.mil
ui.prbuilder.usmc.mil
uistaging.prbuilder.usmc.mil
umechu7f.csd.usmc.mil
umecss70.cs21415220.usmc.mil
unhost205109.usmc.mil
unkn9.usmc.mil
unknost205109.usmc.mil
unknow.usmc.mil
unknown.205109.usmc.mil
unknown.s.usmc.mil
unknown.scn.usmc.mil
unknown.scn09.usmc.mil
unknown.scnet.n205109.usmc.mil
unknown.scnet.ne9.usmc.mil
unknown.scnet.net05109.usmc.mil
unknown.sst205109.usmc.mil
unknown05109.usmc.mil
unknown09.usmc.mil
unknownst205109.usmc.mil
unknt205109.usmc.mil
updc3cpa08.eemsg.5221.usmc.mil
usaj221.usmc.mil
usmc-mail-ext-c1.usmc.mil
usmc-mail-ext-c2.usmc.mil
usmc-mail-ext-f1.usmc.mil
usmc-mail-ext-f2.usmc.mil
usmc-mail-ext-p1.usmc.mil
usmc-mail-ext-p2.usmc.mil
usmc-mail-ext-q1.usmc.mil
usmc-mail-ext-q2.usmc.mil
usmcaltreg.mcnosc.usmc.mil
usmcarcmgr.mcnosc.usmc.mil
usmcbic.noc.usmc.mil
usmccom01.noc.usmc.mil
usmcdns1.usmc.mil
usmcdns1a.usmc.mil
usmcfstrii01.nmci.usmc.mil
usmcfstrii02.nmci.usmc.mil
usmcfstrio01.nmci.usmc.mil
usmcfstrio02.nmci.usmc.mil
usmchelp.noc.usmc.mil
usmchelpdesk.usmc.mil
usmcmaster.noc.usmc.mil
usmcmax.usmc.mil
usmcmax-admin.usmc.mil
usmcmax-maximo1.usmc.mil
usmcmax-maximo2.usmc.mil
usmcmax-maximo3.usmc.mil
usmcmax-maximo4.usmc.mil
usmcmax-maximo5.usmc.mil
usmcmax-maximo6.usmc.mil
usmcmax-stage.mceits.usmc.mil
usmcmax.mceits.usmc.mil
usmcmax1.usmc.mil
usmcmax2.usmc.mil
usmcmax3.usmc.mil
usmcmax4.usmc.mil
usmcmaxtrain.mceits.usmc.mil
usmcnoc01.noc.usmc.mil
usmcnoc02.noc.usmc.mil
usmcquanii01.nmci.usmc.mil
usmcquanii02.nmci.usmc.mil
usmcquanii03.nmci.usmc.mil
usmcquanio01.nmci.usmc.mil
usmcquanio02.nmci.usmc.mil
usmcquanio03.nmci.usmc.mil
usmcsdnzii01.nmci.usmc.mil
usmcsdnzii02.nmci.usmc.mil
usmcsdnzii03.nmci.usmc.mil
usmcsdnzio01.nmci.usmc.mil
usmcsdnzio02.nmci.usmc.mil
usmcsdnzio03.nmci.usmc.mil
usmcsna1.noc.usmc.mil
usmcvdr1.noc.usmc.mil
usmortgagelmcsdnzio01.nmci.usmc.mil
uss12zioae905.csd1452.usmc.mil
v2111-mc-et-user-210-92.revost21415185.usmc.mil
v2111-mc-et-user-211-73.rev.osd5189.usmc.mil
v2111-mt21415188.usmc.mil
v2112-mc-et-user-st21415186.usmc.mil
v2113-mc-et-user-3-21st21415190.usmc.mil
v211415187.usmc.mil
v21193.usmc.mil
vaq-kvm-001.mceits.usmc.mil
vce.tecom.usmc.mil
vcepub.tecom.usmc.mil
vegenag.com205109.usmc.mil
vo-uen-sgtt205110.usmc.mil
vp.mccr.usmc.mil
vp.saga.usmc.mil
vp09.usmc.mil
vpms.mceits.usmc.mil
vps.compurew05109.usmc.mil
vps.talleres-hidraulicos.co9.usmc.mil
vz112i109.usmc.mil
wargaming.mcwl.usmc.mil
wargaming.quantico.usmc.mil
weather.cherrypoint.usmc.mil
weather.iwz.usmc.mil
weather.lejeune.usmc.mil
weather.miramar.usmc.mil
weather.quantico.usmc.mil
web-fdes-15meuharpers-ferry.harpers-ferry.usmc.mil
web1.dsid224.usmc.mil
web1.mol.usmc.mil
web2.dsid224.usmc.mil
web3.dsid224.usmc.mil
web3270a.mfr.usmc.mil
web3270b.mfr.usmc.mil
web3270c.mfr.usmc.mil
web4.dsid224.usmc.mil
webapi-fdes-15meuharpers-ferry.harpers-ferry.usmc.mil
webapps.mcieast.usmc.mil
webcass.usmc.mil
webconf.rcen.marines.usmc.mil
webeoc.iwakuni.usmc.mil
webmail.usmc.mil
webmail.craf.usmc.mil
webmail.isf.usmc.mil
webmail.isf.nmci.usmc.mil
webmail.iwz.usmc.mil
webmail.jp.usmc.mil
webmail.jp.nmci.usmc.mil
webmail.mfp.usmc.mil
webmail.mfr.usmc.mil
webmail.miramar.usmc.mil
webmail.nmci.usmc.mil
webmail.us.usmc.mil
webmail.us.nmci.usmc.mil
webmail2.marines.usmc.mil
webmail2.mfp.usmc.mil
webmass3-uat.manpower.usmc.mil
webmass3.manpower.usmc.mil
webmass3.mceits.usmc.mil
webmassbeta.manpower.usmc.mil
weborders.manpower.usmc.mil
webrtc.marinenet.usmc.mil
webserver.noc.usmc.mil
westmail.mcnosc.usmc.mil
wfm.eis.usmc.mil
wfm.stg.eis.usmc.mil
wfm.zonea.mceits.usmc.mil
wikiblog.mceits.usmc.mil
wolph.logcom.usmc.mil
wra03403.mcw.ad.usmc.mil
wra03404.mcw.ad.usmc.mil
wrp1tb9801.mcw.ad.usmc.mil
wrs09820.mcw.ad.usmc.mil
wrs0mail.mcw.ad.usmc.mil
wrs0smtp.mcw.ad.usmc.mil
wss.mfp.usmc.mil
wssct.usmc.mil
ww1.servmart.mcbbutler.usmc.mil
12mcd.usmc.mil
1maw.usmc.mil
1mawdf.usmc.mil
1mcd.usmc.mil
2maw.usmc.mil
2meb.usmc.mil
31meu.usmc.mil
3div.usmc.mil
3mlg.usmc.mil
4mcd.usmc.mil
6mcd.usmc.mil
8mcd.usmc.mil
9mcd.usmc.mil
admin.usmcmax.usmc.mil
airport.miramar.usmc.mil
ammokmp.marcorsyscom.usmc.mil
atfp.marcorsyscom.usmc.mil
aviationtrainingsystems.usmc.mil
avtb.cpp.usmc.mil
beta.marfork.usmc.mil
brig.quantico.usmc.mil
cbirf.usmc.mil
cdts.marcorsyscom.usmc.mil
efv.usmc.mil
ep2.mcsc.usmc.mil
exsrch.marcorsyscom.usmc.mil
foxtrot.usmc.mil
frontend.mstp.usmc.mil
futenma.usmc.mil
geofi-east.usmc.mil
geofidelis.usmc.mil
geofidelis-citrix.usmc.mil
geofidelis-csg.usmc.mil
geofidelis-cwi.usmc.mil
geofidelis-east.usmc.mil
history.usmc.mil
iimefpublic.usmc.mil
imef.usmc.mil
imef-fwd.usmc.mil
jnlwp.usmc.mil
library.marcorsyscom.usmc.mil
lifelines.usmc.mil
marcorsyscom.usmc.mil
marinenet.usmc.mil
marsoc.usmc.mil
maximo1.usmcmax.usmc.mil
maximo2.usmcmax.usmc.mil
maximo3.usmcmax.usmc.mil
maximo4.usmcmax.usmc.mil
mccmos.usmc.mil
mcendw.marcorsyscom.usmc.mil
mcieast.usmc.mil
mciwest.usmc.mil
mcrc.usmc.mil
merit.marcorsyscom.usmc.mil
metocwx.quantico.usmc.mil
missa.manpower.usmc.mil
mobile.usmcmax.usmc.mil
mstp.usmc.mil
mwtc.usmc.mil
nocmig.noc.usmc.mil
ocs.usmc.mil
okinawa.usmc.mil
oscar.usmc.mil
pik.usmc.mil
prbuilder.usmc.mil
prod-geofidelis-csg.usmc.mil
public.iimef.usmc.mil
remote-mfe.usmc.mil
remote.mcnosc.usmc.mil
scetc.usmc.mil
stage.usmcmax.usmc.mil
stage1.usmcmax.usmc.mil
staging.geofidelis.usmc.mil
staging.geofidelis-csg.usmc.mil
stg.cloud.usmc.mil
support.3maw.usmc.mil
tiger.marcorsyscom.usmc.mil
tigersql.marcorsyscom.usmc.mil
trngcmd.usmc.mil
vim.tecom.usmc.mil
yuma.usmc.mil
www00.dev.mmps.marines.usmc.mil
www1.iimef.usmc.mil
www1.lejeune.usmc.mil
www1.mcieast.usmc.mil
www2.usmc.mil
www2.hqmc.usmc.mil
www2.listserv.mccll.usmc.mil
www2.manpower.usmc.mil
www2.marforres.usmc.mil
www2.mccll.usmc.mil
www2.mctssa.usmc.mil
www2.privatnpower.usmc.mil
www2.surveys.mccll.usmc.mil
www3.marines.usmc.mil
www3.mcieast.usmc.mil
wwwfront1.mol.usmc.mil
wwwfront2.mol.usmc.mil
xbitgdw.hqmc-lr.usmc.mil
ymhrtr1.yuma.usmc.mil
ymhsc1.yuma.usmc.mil
yok10.usmc.mil
yok5110.usmc.mil
yoko-18-168.med.st205110.usmc.mil
yoko-206-11.med.5109.usmc.mil
yoko-206host205110.usmc.mil
yoko-207-255.med.navy.m110.usmc.mil
yoko-207-61.med.n5109.usmc.mil
yoko-2079.usmc.mil
yuma03e.yuma.usmc.mil
yumamx.yuma.usmc.mil
mfr-kit-m024-n-r.tep.usmc.mil
137-232-host.usmc.mil
137-233-host.usmc.mil
137-234-host.usmc.mil
137-235-host.usmc.mil
138-140-57-host.usmc.mil
138-156-host.usmc.mil
138-157-host.usmc.mil
138-167-host.usmc.mil
138-168-host.usmc.mil
138156pilgrim.usmc.mil
13meunt02e.13meu.usmc.mil
140-17-69-host.usmc.mil
143-211-host.usmc.mil
158-236-host.usmc.mil
158-237-host.usmc.mil
158-238-host.usmc.mil
158-239-host.usmc.mil
158-240-host.usmc.mil
158-243-host.usmc.mil
158-244-host.usmc.mil
158-245-host.usmc.mil
192-156-0-host.usmc.mil
192-156-1-host.usmc.mil
192-156-10-host.usmc.mil
192-156-11-host.usmc.mil
192-156-12-host.usmc.mil
192-156-13-host.usmc.mil
192-156-14-host.usmc.mil
192-156-15-host.usmc.mil
192-156-16-host.usmc.mil
192-156-17-host.usmc.mil
192-156-18-host.usmc.mil
192-156-19-host.usmc.mil
192-156-2-host.usmc.mil
192-156-20-host.usmc.mil
192-156-21-host.usmc.mil
192-156-22-host.usmc.mil
192-156-23-host.usmc.mil
192-156-24-host.usmc.mil
192-156-25-host.usmc.mil
192-156-26-host.usmc.mil
192-156-27-host.usmc.mil
192-156-28-host.usmc.mil
192-156-29-host.usmc.mil
192-156-3-host.usmc.mil
192-156-30-host.usmc.mil
192-156-31-host.usmc.mil
192-156-32-host.usmc.mil
192-156-33-host.usmc.mil
192-156-34-host.usmc.mil
192-156-35-host.usmc.mil
192-156-36-host.usmc.mil
192-156-37-host.usmc.mil
192-156-38-host.usmc.mil
192-156-39-host.usmc.mil
192-156-4-host.usmc.mil
192-156-40-host.usmc.mil
192-156-41-host.usmc.mil
192-156-42-host.usmc.mil
192-156-43-host.usmc.mil
192-156-44-host.usmc.mil
192-156-45-host.usmc.mil
192-156-46-host.usmc.mil
192-156-47-host.usmc.mil
192-156-48-host.usmc.mil
192-156-49-host.usmc.mil
192-156-5-host.usmc.mil
192-156-50-host.usmc.mil
192-156-51-host.usmc.mil
192-156-52-host.usmc.mil
192-156-53-host.usmc.mil
192-156-54-host.usmc.mil
192-156-55-host.usmc.mil
192-156-56-host.usmc.mil
192-156-57-host.usmc.mil
192-156-58-host.usmc.mil
192-156-59-host.usmc.mil
192-156-6-host.usmc.mil
192-156-60-host.usmc.mil
192-156-61-host.usmc.mil
192-156-62-host.usmc.mil
192-156-63-host.usmc.mil
192-156-64-host.usmc.mil
192-156-65-host.usmc.mil
192-156-66-host.usmc.mil
192-156-67-host.usmc.mil
192-156-68-host.usmc.mil
192-156-69-host.usmc.mil
192-156-7-host.usmc.mil
192-156-70-host.usmc.mil
192-156-71-host.usmc.mil
192-156-72-host.usmc.mil
192-156-73-host.usmc.mil
192-156-74-host.usmc.mil
192-156-75-host.usmc.mil
192-156-76-host.usmc.mil
192-156-77-host.usmc.mil
192-156-78-host.usmc.mil
192-156-79-host.usmc.mil
192-156-8-host.usmc.mil
192-156-80-host.usmc.mil
192-156-9-host.usmc.mil
204-223-host.usmc.mil
204-34-190-host.usmc.mil
205-66-192-host.usmc.mil
205-66-193-host.usmc.mil
205-66-194-host.usmc.mil
205-66-195-host.usmc.mil
205-66-196-host.usmc.mil
205-66-197-host.usmc.mil
205-66-198-host.usmc.mil
205-66-199-host.usmc.mil
205-66-200-host.usmc.mil
205-66-201-host.usmc.mil
205-66-202-host.usmc.mil
205-66-203-host.usmc.mil
205-66-204-host.usmc.mil
205-66-205-host.usmc.mil
205-66-206-host.usmc.mil
205-66-207-host.usmc.mil
205-66-208-host.usmc.mil
205-66-209-host.usmc.mil
205-66-210-host.usmc.mil
205-66-211-host.usmc.mil
205-66-212-host.usmc.mil
205-66-213-host.usmc.mil
205-66-214-host.usmc.mil
205-66-215-host.usmc.mil
205-66-216-host.usmc.mil
205-66-217-host.usmc.mil
205-66-218-host.usmc.mil
205-66-219-host.usmc.mil
205-66-220-host.usmc.mil
205-66-221-host.usmc.mil
205-66-222-host.usmc.mil
205-66-223-host.usmc.mil
205-66-224-host.usmc.mil
205-66-225-host.usmc.mil
205-66-226-host.usmc.mil
205-66-227-host.usmc.mil
205-66-228-host.usmc.mil
205-66-229-host.usmc.mil
205-66-230-host.usmc.mil
205-66-231-host.usmc.mil
205-66-232-host.usmc.mil
205-66-233-host.usmc.mil
205-66-234-host.usmc.mil
205-66-235-host.usmc.mil
205-66-236-host.usmc.mil
205-66-237-host.usmc.mil
205-66-238-host.usmc.mil
205-66-239-host.usmc.mil
205-66-240-host.usmc.mil
205-66-241-host.usmc.mil
205-66-242-host.usmc.mil
205-66-243-host.usmc.mil
205-66-244-host.usmc.mil
205-66-245-host.usmc.mil
205-66-246-host.usmc.mil
205-66-247-host.usmc.mil
205-66-248-host.usmc.mil
205-66-249-host.usmc.mil
205-66-250-host.usmc.mil
205-66-251-host.usmc.mil
205-66-252-host.usmc.mil
205-66-253-host.usmc.mil
205-66-254-host.usmc.mil
205-66-255-host.usmc.mil
205-66-64-host.usmc.mil
205-66-65-host.usmc.mil
205-66-66-host.usmc.mil
205-66-67-host.usmc.mil
205-66-68-host.usmc.mil
205-66-69-host.usmc.mil
205-66-70-host.usmc.mil
205-66-71-host.usmc.mil
205-66-72-host.usmc.mil
205-66-73-host.usmc.mil
205-66-74-host.usmc.mil
205-66-75-host.usmc.mil
205-66-76-host.usmc.mil
205-66-77-host.usmc.mil
205-66-78-host.usmc.mil
205-66-79-host.usmc.mil
214-15-host.usmc.mil
214-43-host.usmc.mil
214-44-host.usmc.mil
214-45-host.usmc.mil
214-52-host.usmc.mil
22meudc03.22meu.usmc.mil
3divtak-b.iiimef.usmc.mil
3maw02e.3maw.usmc.mil
3maw1101e.3maw.usmc.mil
3maw1102e.3maw.usmc.mil
3maw1601e.3maw.usmc.mil
3maw1602e.3maw.usmc.mil
ammo.tecom.usmc.mil
autosaar.usmc.mil
awsom.mcsc.usmc.mil
bcweb.deployedsupport.usmc.mil
catalyst5000.noc.usmc.mil
dir.mcnosc.usmc.mil
dnstest.usmc.mil
east-fidp.usmc.mil
epsftp.dev.usmc.mil
epsftp.stage.usmc.mil
ers1vm34.logcom.usmc.mil
expose-ops.noc.usmc.mil
ftp.mccta.quantico.usmc.mil
gate1-in.usmc.mil
gate1-in.fuji.usmc.mil
gate1-in.quantico.usmc.mil
gate1-snet.beaufort.usmc.mil
gate1-snet.cherrypoint.usmc.mil
gate1-snet.fuji.usmc.mil
gate1-snet.lejeune.usmc.mil
gate1-snet.mcbbutler.usmc.mil
gate1-snet.noc.usmc.mil
gate1-snet2.quantico.usmc.mil
gate1.kcsie.usmc.mil
gate1.kcsie-in.usmc.mil
gcss-essplunk.mcicom.usmc.mil
gcss-splunk.mcicom.usmc.mil
gm.usmc.mil
helpdesk.mol.usmc.mil
himawari.mcnsoc.usmc.mil
host-140-16-57.usmc.mil
hpopenview-nipr.noc.usmc.mil
hpopenview.noc.usmc.mil
iiimef01e.iiimef.usmc.mil
iiimef02e.iiimef.usmc.mil
iiimefweb.iiimef.usmc.mil
iimef26meu02.26meu.iimef.usmc.mil
il4-ms1.marinenet.usmc.mil
il4-ms2.marinenet.usmc.mil
il4connectwebrtc.marinenet.usmc.mil
intranet.hqmc.usmc.mil
kieulr01.mcbbutler.usmc.mil
kleulr01.mcbbutler.usmc.mil
kmeulr01.mcbbutler.usmc.mil
kronos.usmc.mil
kronos-c1.usmc.mil
lab-systemspki.noc.usmc.mil
lds-dev-flow-data.mcboss.usmc.mil
lds-stage-flow-data.mcboss.usmc.mil
llmstest.management.usmc.mil
m67865.miramar.usmc.mil
m93025.quantico.usmc.mil
mail.22meu.usmc.mil
mail.24meu.usmc.mil
mail.26meufwd.usmc.mil
mail.mccta.quantico.usmc.mil
mail.ncr.usmc.mil
mail1.24meufwd.usmc.mil
mail2.dsid153.usmc.mil
mailclo.mcnosc.usmc.mil
mals11.jsf-alis.usmc.mil
mceits-ocsp1.mceits.usmc.mil
mceits-ocsp2.mceits.usmc.mil
mcsc01c.mcsc.usmc.mil
mcsc02e.mcsc.usmc.mil
mcusquanio01.nmci.usmc.mil
mcusquanio02.nmci.usmc.mil
mcusquanio03.nmci.usmc.mil
mcussdnzio01.nmci.usmc.mil
mcussdnzio02.nmci.usmc.mil
mcussdnzio03.nmci.usmc.mil
mdsid255.mcnosc.usmc.mil
mfrdoc.mfr.usmc.mil
mfrn02.mfr.usmc.mil
mfrsna01.mfr.usmc.mil
mfrsna02.mfr.usmc.mil
mfrsna03.mfr.usmc.mil
migtestbench.noc.usmc.mil
mo-pass-s01.mfr.usmc.mil
mqgmccta02ln.quantico.usmc.mil
mqgmstp02.mstp.quantico.usmc.mil
mqgsyscomhubln.quantico.usmc.mil
nent72quanap001.mcdsus.mcds.usmc.mil
nes1.noc.usmc.mil
nes2.noc.usmc.mil
nfmfcljncms01.fmf.usmc.mil
nfmfcljncup02.fmf.usmc.mil
nfmfcljnpub01.fmf.usmc.mil
nfmfcljnsub01.fmf.usmc.mil
nimd5362573l007.mcdsus.mcds.usmc.mil
noc-nnm.noc.usmc.mil
noc01c.noc.usmc.mil
noc02r.noc.usmc.mil
noc03c.noc.usmc.mil
noc04e.noc.usmc.mil
noc05c.noc.usmc.mil
nocmig01.noc.usmc.mil
ns1-east.usmc.mil
ns1-west.usmc.mil
ns2-east.usmc.mil
openview.noc.usmc.mil
pilot-vdss-nlb-perimeter-092381564d0d52a2.elb.us-gov-west-1.amazonaws.com.usmc.mil
pki-quantico1.usmc.mil
pki3.noc.usmc.mil
portal.noc.usmc.mil
qmcb02e.quantico.usmc.mil
qmcbism01eu.quantico.usmc.mil
qproxy6.usmc.mil
s1lrs.marinenet.usmc.mil.usmc.mil
sftp.dev.tfrs2.usmc.mil
snap.noc.usmc.mil
snapdb.dev.usmc.mil
stems.mcicom.usmc.mil
telemetry.usmc.mil
telemetry-int.usmc.mil
tfasclient1.lejeune.usmc.mil
tfasclient105-247.lejeune.usmc.mil
tfasclient123-4.lejeune.usmc.mil
tfasclient131-102.lejeune.usmc.mil
tfasclient131-124.lejeune.usmc.mil
tfasclient132-210.lejeune.usmc.mil
tfasclient133-232.lejeune.usmc.mil
tfasclient133-250.lejeune.usmc.mil
tfasclient134-60.lejeune.usmc.mil
tfasclient134-93.lejeune.usmc.mil
tfasclient135-10.lejeune.usmc.mil
tfasclient136-82.lejeune.usmc.mil
tfasclient137-118.lejeune.usmc.mil
tfasclient137-147.lejeune.usmc.mil
tfasclient138-41.lejeune.usmc.mil
tfasclient138-87.lejeune.usmc.mil
tfasclient140-18.lejeune.usmc.mil
tfasclient140-4.lejeune.usmc.mil
tfasclient156-6.lejeune.usmc.mil
tfasclient157-120.lejeune.usmc.mil
tfasclient158-63.lejeune.usmc.mil
tfasclient17-10.lejeune.usmc.mil
tfasclient17-130.lejeune.usmc.mil
tfasclient17-21.lejeune.usmc.mil
tfasclient17-63.lejeune.usmc.mil
tfasclient174-127.lejeune.usmc.mil
tfasclient18-59.lejeune.usmc.mil
tfasclient184-220.lejeune.usmc.mil
tfasclient184-30.lejeune.usmc.mil
tfasclient185-197.lejeune.usmc.mil
tfasclient186-77.lejeune.usmc.mil
tfasclient187-226.lejeune.usmc.mil
tfasclient187-41.lejeune.usmc.mil
tfasclient190-61.lejeune.usmc.mil
tfasclient191-132.lejeune.usmc.mil
tfasclient191-232.lejeune.usmc.mil
tfasclient191-233.lejeune.usmc.mil
tfasclient191-55.lejeune.usmc.mil
tfasclient191-66.lejeune.usmc.mil
tfasclient200-244.lejeune.usmc.mil
tfasclient201-119.lejeune.usmc.mil
tfasclient216-45.lejeune.usmc.mil
tfasclient220-104.lejeune.usmc.mil
tfasclient220-216.lejeune.usmc.mil
tfasclient221-217.lejeune.usmc.mil
tfasclient224-129.lejeune.usmc.mil
tfasclient224-173.lejeune.usmc.mil
tfasclient224-33.lejeune.usmc.mil
tfasclient226-102.lejeune.usmc.mil
tfasclient227-84.lejeune.usmc.mil
tfasclient228-203.lejeune.usmc.mil
tfasclient228-246.lejeune.usmc.mil
tfasclient229-128.lejeune.usmc.mil
tfasclient243-232.lejeune.usmc.mil
tfasclient243-244.lejeune.usmc.mil
tfasclient243-88.lejeune.usmc.mil
tfasclient244-124.lejeune.usmc.mil
tfasclient244-142.lejeune.usmc.mil
tfasclient244-43.lejeune.usmc.mil
tfasclient245-3.lejeune.usmc.mil
tfasclient246-20.lejeune.usmc.mil
tfasclient246-216.lejeune.usmc.mil
tfasclient246-239.lejeune.usmc.mil
tfasclient247-19.lejeune.usmc.mil
tfasclient32-117.lejeune.usmc.mil
tfasclient32-219.lejeune.usmc.mil
tfasclient52-113.lejeune.usmc.mil
tfasclient52-99.lejeune.usmc.mil
tfasclient81-182.lejeune.usmc.mil
tfasclient97-142.lejeune.usmc.mil
tranet.3maw.usmc.mil
uat-encore.usmc.mil
uat-mcfmis-cs-gm.usmc.mil
uat-mcfmis-hc-gm.usmc.mil
uat-mcfmis-sp.usmc.mil
uat-mcfmis-sp-albany.usmc.mil
uat-mcfmis-sp-fuji.usmc.mil
uat-mcfmis-sp-guam.usmc.mil
uat-mcfmis-sp-hawaii.usmc.mil
uat-mcfmis-sp-iwakuni.usmc.mil
uat-mcfmis-sp-korea.usmc.mil
uat-mcfmis-sp-lejeune.usmc.mil
uat-mcfmis-sp-okinawa.usmc.mil
uat-mcfmis-sp-parris.usmc.mil
uat-mcfmis-sp-pendleton.usmc.mil
uat-mcfmis-sp-quantico.usmc.mil
uat-mcfmis-sp-sandiego.usmc.mil
usmc-mail-ext-q3.usmc.mil
usmcrtr1.usmc.mil
usmcrtr1.noc.usmc.mil
vmfa311.jsf-alis.usmc.mil
warehouse.mcbos.usmc.mil
web1.dsid229.usmc.mil
web2.dsid229.usmc.mil
web3.dsid229.usmc.mil
web4.dsid229.usmc.mil
webmail.26meu.usmc.mil
ciisd.dev.usmc.mil
ciisd.stg.usmc.mil
ciisd2.dev.usmc.mil
ciisd2.stage.usmc.mil
eps.admin.nosql.mcboss.usmc.mil
eps.ccm.dynamic.mcboss.usmc.mil
eps.ccm.mcboss.usmc.mil
eps.ccm.static.mcboss.usmc.mil
eps.metrics.nosql.mcboss.usmc.mil
eps.nosql.mcboss.usmc.mil
eps.reports.nosql.mcboss.usmc.mil
futenmawx.okr.usmc.mil
hqsvcbn.quantico.usmc.mil
marforino.usmc.mil
matsgfl.usmc.mil
mcabe.cherrypoint.usmc.mil
snapdb.usmc.mil
snapdb.stg.usmc.mil
tbs.usmc.mil
web.mcrc.usmc.mil
weather.clb.usmc.mil
mnfwest.usmc.mil
26meu.usmc.mil
tediv.usmc.mil
doctrine.quantico.usmc.mil
15meu.usmc.mil
issb-www1.quantico.usmc.mil
tfs.usmc.mil
usmc-mail-ext-q4.usmc.mil
3mf-kit-1360.usmc.mil
ms-138-140-57-195.marinenet.usmc.mil
ms-138-140-57-196.marinenet.usmc.mil
ms-138-140-57-197.marinenet.usmc.mil
ms-138-140-57-198.marinenet.usmc.mil
ms-138-140-57-199.marinenet.usmc.mil
ms-138-140-57-95.marinenet.usmc.mil
ms-138-140-57-96.marinenet.usmc.mil
ms-138-140-57-97.marinenet.usmc.mil
ms-138-140-57-98.marinenet.usmc.mil
ms-138-140-57-99.marinenet.usmc.mil
*.mcswf.usmc.mil
www.usmc.mil
www.12mcd.usmc.mil
www.1maw.usmc.mil
www.1mawdf.usmc.mil
www.1mcd.usmc.mil
www.22meu.usmc.mil
www.29palms.usmc.mil
www.2fssg.usmc.mil
www.2mardiv.usmc.mil
www.2maw.usmc.mil
www.2meb.usmc.mil
www.31meu.usmc.mil
www.3div.usmc.mil
www.3fssg.usmc.mil
www.3maw.usmc.mil
www.3mlg.usmc.mil
www.4mcd.usmc.mil
www.4meb.usmc.mil
www.6mcd.usmc.mil
www.8mcd.usmc.mil
www.9mcd.usmc.mil
www.admin.usmcmax.usmc.mil
www.airport.miramar.usmc.mil
www.ala.usmc.mil
www.ammokmp.marcorsyscom.usmc.mil
www.atfp.marcorsyscom.usmc.mil
www.aviationtrainingsystems.usmc.mil
www.avtb.cpp.usmc.mil
www.bam.usmc.mil
www.beaufort.usmc.mil
www.beta.marfork.usmc.mil
www.bic.usmc.mil
www.brig.quantico.usmc.mil
www.caps.marcorsyscom.usmc.mil
www.cbirf.usmc.mil
www.ccss.quantico.usmc.mil
www.cdts.marcorsyscom.usmc.mil
www.ceto.quantico.usmc.mil
www.cherrypoint.usmc.mil
www.ciisd.dev.usmc.mil
www.ciisd.stg.usmc.mil
www.ciisd2.dev.usmc.mil
www.ciisd2.stage.usmc.mil
www.clc2s1.usmc.mil
www.clc2s2.usmc.mil
www.cpp.usmc.mil
www.dev.hotline.usmc.mil
www.doctrine.usmc.mil
www.droid.usmc.mil
www.drumcorps.mbw.usmc.mil
www.efv.usmc.mil
www.ep2.mcsc.usmc.mil
www.eps.admin.nosql.mcboss.usmc.mil
www.eps.ccm.dynamic.mcboss.usmc.mil
www.eps.ccm.mcboss.usmc.mil
www.eps.ccm.static.mcboss.usmc.mil
www.eps.metrics.nosql.mcboss.usmc.mil
www.eps.nosql.mcboss.usmc.mil
www.eps.reports.nosql.mcboss.usmc.mil
www.exsrch.marcorsyscom.usmc.mil
www.foxtrot.usmc.mil
www.frontend.mstp.usmc.mil
www.fuji.usmc.mil
www.futenma.usmc.mil
www.futenmawx.okr.usmc.mil
www.geofi-east.usmc.mil
www.geofidelis.usmc.mil
www.geofidelis-citrix.usmc.mil
www.geofidelis-csg.usmc.mil
www.geofidelis-cwi.usmc.mil
www.geofidelis-east.usmc.mil
www.gfmos.usmc.mil
www.history.usmc.mil
www.hmx-1.usmc.mil
www.hotline.usmc.mil
www.hqmc.usmc.mil
www.hqsvcbn.quantico.usmc.mil
www.i-mef.usmc.mil
www.iiimef.usmc.mil
www.iimef.usmc.mil
www.iimefpublic.usmc.mil
www.imef.usmc.mil
www.imef-fwd.usmc.mil
www.intranet.tecom.usmc.mil
www.iwakuni.usmc.mil
www.jnlwd.usmc.mil
www.jnlwp.usmc.mil
www.kanji.okinawa.usmc.mil
www.lejeune.usmc.mil
www.library.marcorsyscom.usmc.mil
www.lifelines.usmc.mil
www.logcom.usmc.mil
www.m4l.usmc.mil
www.make.usmc.mil
www.manpower.usmc.mil
www.marcent.usmc.mil
www.marcorsyscom.usmc.mil
www.marforcom.usmc.mil
www.marforino.usmc.mil
www.marfork.usmc.mil
www.marforlant.usmc.mil
www.marforres.usmc.mil
www.marineband.usmc.mil
www.marinenet.usmc.mil
www.marines.usmc.mil
www.marsoc.usmc.mil
www.matsg33.usmc.mil
www.matsgfl.usmc.mil
www.maximo1.usmcmax.usmc.mil
www.maximo2.usmcmax.usmc.mil
www.maximo3.usmcmax.usmc.mil
www.maximo4.usmcmax.usmc.mil
www.mbw.usmc.mil
www.mcabe.cherrypoint.usmc.mil
www.mcbbutler.usmc.mil
www.mcbh.usmc.mil
www.mccdc.usmc.mil
www.mccll.usmc.mil
www.mccmos.usmc.mil
www.mccr.usmc.mil
www.mceits.usmc.mil
www.mcendw.marcorsyscom.usmc.mil
www.mci.usmc.mil
www.mcieast.usmc.mil
www.mcis.usmc.mil
www.mciwest.usmc.mil
www.mcjrotc.usmc.mil
www.mcnosc.usmc.mil
www.mcpic.usmc.mil
www.mcpic.bic.usmc.mil
www.mcrc.usmc.mil
www.mcrdpi.usmc.mil
www.mcrdsd.usmc.mil
www.mcsc.usmc.mil
www.mcsft.usmc.mil
www.mctssa.usmc.mil
www.mcu.usmc.mil
www.mcwl.usmc.mil
www.mcwl.quantico.usmc.mil
www.merit.marcorsyscom.usmc.mil
www.metocwx.quantico.usmc.mil
www.mfe.usmc.mil
www.mfn.usmc.mil
www.mfp.usmc.mil
www.mfr.usmc.mil
www.mfs.usmc.mil
www.miramar.usmc.mil
www.missa.manpower.usmc.mil
www.mmsb.usmc.mil
www.mobile.usmcmax.usmc.mil
www.mol.usmc.mil
www.msgbn.usmc.mil
www.mstp.usmc.mil
www.mstp.quantico.usmc.mil
www.mwtc.usmc.mil
www.mymos.tbs.usmc.mil
www.netsec.noc.usmc.mil
www.newriver.usmc.mil
www.nmciinfo.usmc.mil
www.nocmig.noc.usmc.mil
www.ocs.usmc.mil
www.okinawa.usmc.mil
www.oscar.usmc.mil
www.owa.usmc.mil
www.pendleton.usmc.mil
www.pik.usmc.mil
www.prbuilder.usmc.mil
www.prod-geofidelis-csg.usmc.mil
www.public.iimef.usmc.mil
www.quantico.usmc.mil
www.quickplace.marcorsyscom.usmc.mil
www.razr.usmc.mil
www.remote-mfe.usmc.mil
www.remote.mcnosc.usmc.mil
www.scetc.usmc.mil
www.sdo.usmc.mil
www.sidekick.usmc.mil
www.smallwars.mcwl.usmc.mil
www.smallwars.quantico.usmc.mil
www.snapdb.usmc.mil
www.snapdb.stg.usmc.mil
www.sp.mccll.usmc.mil
www.stage.usmcmax.usmc.mil
www.stage1.usmcmax.usmc.mil
www.staging.geofidelis.usmc.mil
www.staging.geofidelis-csg.usmc.mil
www.stg.cloud.usmc.mil
www.stg.hotline.usmc.mil
www.sts.usmc.mil
www.support.3maw.usmc.mil
www.tcpt1.usmc.mil
www.tecom.usmc.mil
www.tiger.marcorsyscom.usmc.mil
www.tigersql.marcorsyscom.usmc.mil
www.trngcmd.usmc.mil
www.usmcmax.usmc.mil
www.vim.tecom.usmc.mil
www.wargaming.quantico.usmc.mil
www.yuma.usmc.mil
usmc.mil
